XGB,Hist,Light,HistLight,All,Real
59.15691376,60.54848548,59.02795115,59.78821831,59.57778346,57.42
58.59931564,60.18123785,60.4847937,60.33301578,59.75511573,56.61
59.16016769,59.73362858,60.57460598,60.15411728,59.82280075,59.96
59.25086212,58.86554464,61.53139782,60.19847123,59.88260153,56.61
53.64546967,55.19759319,54.7377744,54.96768379,54.52694575,52.6
43.99882507,45.18181506,49.34463487,47.26322497,46.17509167,45.94
54.69965744,53.2552171,53.4772992,53.36625815,53.81072458,57.8
46.01389313,44.71118403,48.47894708,46.59506556,46.40134142,47.06
54.38273239,53.54196825,54.85957589,54.20077207,54.26142551,56.82
53.44061279,50.82123211,53.37748979,52.09936095,52.5464449,57.01
55.81732941,57.13668378,54.13080177,55.63374278,55.69493832,56.61
46.29933167,47.41469678,45.14396802,46.2793324,46.28599882,49.98
39.4367218,40.97172398,39.39733777,40.18453088,39.93526119,41.36
50.06745148,48.83186805,49.61498358,49.22342581,49.5047677,49.98
50.81238174,51.48775702,48.90876099,50.198259,50.40296658,52.16
60.6452446,60.03178316,61.05753251,60.54465784,60.57818676,58.01
47.70072174,47.36550536,45.37497496,46.37024016,46.81373402,49.98
57.59220505,54.91194003,53.54293473,54.22743738,55.3490266,56.61
36.82025528,48.31846908,41.12825261,44.72336084,42.08899232,36.05
51.16580582,51.89715731,44.98328903,48.44022317,49.34875072,52.37
52.10581207,52.93654196,50.36727021,51.65190609,51.80320808,52.23
52.70332336,52.6161685,50.85284081,51.73450466,52.05744423,59.26
54.78705597,59.80898417,58.84243656,59.32571036,57.81282557,59.96
48.12239456,45.28791405,45.50884846,45.39838126,46.30638569,49.14
48.82843781,49.44993043,49.24264638,49.34628841,49.17367154,49.98
56.61892319,56.54299358,55.59840987,56.07070172,56.25344221,61.59
54.03637314,60.11108664,58.73205886,59.42157275,57.62650621,51.32
43.69464493,43.54346761,43.29491862,43.41919312,43.51101039,45.94
56.76475906,57.83580836,58.70279778,58.26930307,57.7677884,52.54
59.48151779,59.74112677,60.40539895,60.07326286,59.8760145,59.96
47.82017517,47.39821401,46.31575298,46.8569835,47.17804739,46.04
57.58485794,55.62801517,56.02016891,55.82409204,56.41101401,59.26
59.03886414,57.72095439,55.44284451,56.58189945,57.40088768,57.8
47.96063995,47.73971284,46.92612034,47.33291659,47.54215771,47.43
52.00192261,50.63111342,49.42894012,50.03002677,50.68732538,52.16
41.63804245,42.19160154,41.4203447,41.80597312,41.74999623,44.17
52.29231644,48.38104745,46.48046925,47.43075835,49.05127771,52.23
58.90983963,55.74256659,59.52487634,57.63372147,58.05909419,46.04
50.99187851,51.61843556,51.41648539,51.51746047,51.34226649,54.55
49.42467499,51.49787513,51.81470459,51.65628986,50.91241824,52.54
49.31635666,48.94843594,49.44474449,49.19659022,49.23651236,45.94
54.39773941,55.16962481,54.25161958,54.71062219,54.60632793,46.04
50.99952698,50.53672811,48.82976223,49.68324517,50.12200577,60.92
58.35499954,56.90162971,59.30829464,58.10496218,58.18830796,60.92
51.72822189,51.40811248,51.49905146,51.45358197,51.54512861,47.43
53.9695282,54.33623465,52.11684575,53.2265402,53.47420287,57.8
59.53992844,60.30934435,63.00349021,61.65641728,60.950921,58.01
60.14203262,60.53739096,60.08320624,60.3102986,60.25420994,71.02
56.0340538,57.02479462,56.79821953,56.91150707,56.61902265,57.42
49.64741135,49.46328305,47.99795637,48.73061971,49.03621692,49.98
47.69646835,47.26971528,46.74146826,47.00559177,47.23588396,39.96
50.91923523,49.00287535,48.8270529,48.91496413,49.58305449,52.6
54.57247162,54.30744271,54.94924323,54.62834297,54.60971919,59.26
57.01843643,49.63468141,50.27062942,49.95265541,52.30791575,35.08
60.61480331,58.76976804,63.61390821,61.19183813,60.99949319,57.8
61.28380966,58.44897441,60.92036547,59.68466994,60.21771652,69.09
54.31191254,54.53574727,54.50839879,54.52207303,54.45201953,55.14
50.27317047,52.19628943,51.94240203,52.06934573,51.47062064,60.65
56.5108223,54.42622668,54.88176253,54.65399461,55.27293717,56.82
47.12044907,48.14704394,46.77104722,47.45904558,47.34618007,49.98
55.89331436,56.84918969,55.82722,56.33820485,56.18990802,57.42
51.52992249,48.67072915,49.70002335,49.18537625,49.96689166,49.98
50.09750366,49.31685716,46.67288196,47.99486956,48.69574759,52.23
56.1205864,56.5873523,49.83932321,53.21333776,54.18242064,57.04
49.4487114,53.49509069,53.35529789,53.42519429,52.09969999,52.6
54.70221329,54.26072161,53.04978163,53.65525162,54.00423884,52.37
49.19028473,52.30535778,49.45664824,50.88100301,50.31743025,52.37
51.67253876,53.61681025,50.71956922,52.16818973,52.00297274,56.61
52.04547501,52.72077857,52.37604778,52.54841317,52.38076712,52.6
60.8435936,61.05532743,58.53684917,59.7960883,60.14525673,56.82
55.62561798,56.1382488,54.21271039,55.17547959,55.32552572,59.96
58.75598145,59.33493218,60.74798719,60.04145968,59.61296694,59.96
54.4501152,51.94390798,54.3175006,53.13070429,53.57050793,57.01
53.02252579,52.93822777,51.19237579,52.06530178,52.38437645,51.4
52.326931,52.35882577,52.33041588,52.34462083,52.33872422,52.54
64.44699097,59.06406379,62.13476494,60.59941437,61.8819399,56.61
42.92942047,43.16939541,43.0409581,43.10517676,43.04659133,38.22
59.8033371,57.11136717,62.1577626,59.63456489,59.69082229,58.01
52.77550507,53.92170291,50.3968279,52.1592654,52.36467862,51.32
53.38166046,51.70407687,52.91458507,52.30933097,52.66677414,57.01
50.90632629,51.59561754,50.86356214,51.22958984,51.12183533,52.54
45.94035721,45.52426411,46.21752019,45.87089215,45.89404717,34.15
48.32732391,48.59330659,47.46840903,48.03085781,48.12967985,35.08
57.84833908,54.84895857,57.63781507,56.24338682,56.7783709,51.4
49.81176376,48.8580596,49.18439053,49.02122507,49.28473797,49.98
49.97988892,53.27584552,52.92140899,53.09862726,52.05904781,59.26
51.08919907,52.49730606,51.17977805,51.83854206,51.58876106,57.8
48.69098663,48.39120802,48.3732635,48.38223576,48.48515272,49.98
43.82857132,43.37843174,47.0543058,45.21636877,44.75376962,44.17
59.99654388,59.6021596,58.43322879,59.01769419,59.34397742,59.96
59.27277374,59.74512346,60.57342218,60.15927282,59.86377313,59.96
47.88912201,45.46001609,47.39494411,46.4274801,46.91469407,47.06
50.67305374,50.25592815,48.84202491,49.54897653,49.92366894,52.54
59.02349091,59.74721238,60.56423882,60.1557256,59.77831403,59.96
55.2078743,59.40878158,60.42023304,59.91450731,58.34562964,59.96
54.77478027,59.46522547,60.5932641,60.02924479,58.27775662,59.96
52.84276581,54.43111601,54.18663322,54.30887461,53.82017168,49.98
48.98670578,47.07662733,47.2185209,47.14757411,47.760618,45.94
50.91801453,53.06108132,53.29381142,53.17744637,52.42430242,55.14
44.22072983,44.1767521,44.43571791,44.30623501,44.27773328,44.58
48.65830994,47.44791302,49.16438247,48.30614774,48.42353514,45.94
52.01705551,53.13371686,51.09919581,52.11645634,52.08332273,52.6
59.91714859,60.28174762,59.97806459,60.12990611,60.05898693,59.96
56.85285568,54.23902418,51.58386667,52.91144542,54.22524884,59.26
60.00226593,60.3338326,59.26995353,59.80189307,59.86868402,59.96
53.09956741,52.4972983,53.602223,53.04976065,53.06636291,57.01
43.38336182,43.32584089,44.7055845,44.0157127,43.80492907,44.17
52.71506119,53.20604022,53.06868653,53.13736337,52.99659598,52.23
52.80688095,52.53492789,52.42933647,52.48213218,52.59038177,52.54
40.72743607,43.50725039,45.14702549,44.32713794,43.12723732,38.22
51.15348053,50.81714285,49.59650152,50.20682218,50.52237496,49.98
41.14864731,42.39966846,40.27781603,41.33874224,41.27537727,45.94
50.71097183,51.3530917,54.04292531,52.6980085,52.03566295,46.04
58.97338867,59.71382909,60.72810552,60.22096731,59.80510776,59.96
47.51634216,48.02494707,48.31552612,48.17023659,47.95227178,46.04
46.14414597,45.57135851,46.44873482,46.01004666,46.05474643,46.04
46.83179855,49.42063031,46.77584725,48.09823878,47.67609204,46.04
55.44035721,50.76246637,55.63653315,53.19949976,53.94645224,51.32
56.10314178,57.04833823,56.97946417,57.0139012,56.71031473,51.4
54.8283577,53.55030413,57.94158016,55.74594214,55.44008066,59.5
49.56738281,51.27511518,49.09735818,50.18623668,49.97995206,52.54
58.69514847,60.81999764,63.81660557,62.31830161,61.11058389,57.42
51.159729,49.33431051,51.14023684,50.23727368,50.54475879,46.04
47.92816544,47.50045024,46.73452884,47.11748954,47.38771484,45.94
42.26762772,44.02655112,40.99434277,42.51044694,42.4295072,38.22
61.36750412,59.0638958,61.227334,60.1456149,60.55291131,60.92
46.83692932,44.85491935,44.61450609,44.73471272,45.43545159,44.17
44.9250145,43.58576424,46.00236593,44.79406509,44.83771489,38.22
51.07036972,50.2735545,48.99007579,49.63181515,50.11133334,52.6
48.64782333,49.98358728,48.41921385,49.20140057,49.01687482,46.04
46.32065201,44.0273125,44.74105545,44.38418397,45.02967332,34.15
58.67881775,59.40663539,59.40127294,59.40395416,59.16224203,59.96
60.29362106,58.18652121,58.12145128,58.15398625,58.86719785,51.32
49.22512054,47.69028471,48.97683086,48.33355779,48.63074537,49.98
56.92319489,56.68195368,56.43345654,56.55770511,56.67953504,56.61
54.82260513,59.33994803,59.85175455,59.59585129,58.00476924,56.61
47.35248566,45.84867741,45.55178855,45.70023298,46.25098387,39.96
51.67166519,51.68454292,50.40772714,51.04613503,51.25464508,52.6
52.38964844,54.91183246,51.84783699,53.37983472,53.04977263,52.54
58.21683884,57.20627572,58.73713923,57.97170748,58.05341793,56.82
55.27124786,56.51407148,55.90442791,56.20924969,55.89658242,56.61
59.22900009,59.65920447,60.40076159,60.02998303,59.76298872,59.96
55.38995361,55.39704084,54.07058679,54.73381382,54.95252708,60.92
46.58877563,46.06735913,44.67234258,45.36985086,45.77615912,45.94
46.32702637,49.5329289,48.95618497,49.24455694,48.27204675,47.43
55.08323288,56.46384368,53.66293903,55.06339136,55.0700052,57.42
52.12914658,53.09467716,51.92501334,52.50984525,52.38294569,57.8
43.13964081,45.18082627,41.73506472,43.4579455,43.35184393,44.17
51.71588135,51.45036182,51.06795307,51.25915744,51.41139874,52.16
52.72555923,53.70983132,51.43228655,52.57105893,52.62255903,59.26
48.18996429,48.0148176,45.3598218,46.6873197,47.18820123,45.94
58.38307953,59.21875101,58.94436744,59.08155922,58.84873266,59.96
55.04957199,49.50897931,49.19950401,49.35424166,51.2526851,56.82
49.29829025,54.69539154,50.25391354,52.47465254,51.41586511,51.4
50.58578491,51.17562683,52.09119505,51.63341094,51.28420226,49.98
49.82181931,49.19607447,46.59709791,47.89658619,48.53833056,35.08
58.77402496,59.65747922,59.86949897,59.76348909,59.43366772,59.96
51.71259308,51.32816034,50.00031978,50.66424006,51.01369107,52.54
59.10001755,60.07945812,58.43391775,59.25668794,59.20446448,57.8
43.93848038,43.1572139,42.96111823,43.05916607,43.35227084,34.15
55.51620102,54.81367709,59.1971849,57.005431,56.509021,56.82
50.46865463,49.74673795,50.56670905,50.1567235,50.26070054,47.43
55.18413162,59.41738316,60.38339599,59.90038958,58.32830359,59.96
53.21353149,51.69535729,51.30790609,51.50163169,52.07226496,46.04
52.75014114,53.98711097,53.37603057,53.68157077,53.37109423,49.98
58.4264679,54.87018887,58.97079933,56.9204941,57.42248537,61.59
52.37663269,52.17139173,53.33624165,52.75381669,52.62808869,52.54
47.82772446,48.06694205,51.46178379,49.76436292,49.11881677,49.14
52.69553757,50.48165081,51.74595118,51.11380099,51.64104652,52.54
53.069561,51.13668898,53.53676262,52.3367258,52.5810042,57.01
60.33620453,59.92157154,59.76708523,59.84432838,60.0082871,59.96
51.99567795,51.07876866,50.73446652,50.90661759,51.26963771,49.98
60.03686523,57.81722728,61.50422892,59.6607281,59.78610715,52.23
60.62533951,60.44509596,60.63252842,60.53881219,60.56765463,59.96
58.31420135,55.3347531,57.86362994,56.59919152,57.17086147,52.37
49.80776978,49.52674907,49.07252676,49.29963791,49.4690152,49.98
45.30091858,47.25350137,44.52146241,45.88748189,45.69196079,52.54
56.65351105,56.79930812,54.18947279,55.49439046,55.88076399,60.93
51.98861313,52.52576787,52.38146192,52.45361489,52.2986143,52.54
49.71415329,49.21897557,47.0582709,48.13862324,48.66379992,52.23
46.03963852,47.83772597,45.37725503,46.6074905,46.4182065,52.16
54.86038971,53.29843042,53.57359962,53.43601502,53.91080658,69.09
53.69023132,52.02464173,50.15332797,51.08898485,51.95606701,57.04
48.21418381,48.35300576,48.30231694,48.32766135,48.2898355,49.98
49.61568451,49.52371677,49.5264768,49.52509679,49.55529269,49.98
59.82433319,60.99040839,62.0981054,61.5442569,60.970949,60.92
46.72502518,44.65861011,43.12916331,43.89388671,44.83759953,38.22
47.59093857,45.10964833,46.86240185,45.98602509,46.52099625,49.14
49.45314407,48.68298009,47.84367316,48.26332663,48.65993244,45.94
48.99730682,50.83830339,50.06056638,50.44943488,49.9653922,52.6
43.81377792,46.72689539,42.86300458,44.79494999,44.46789263,49.14
58.65737152,59.33295401,59.46038619,59.3966701,59.15023724,59.96
52.69965744,51.63942688,52.7572798,52.19835334,52.36545471,52.54
52.54232788,50.79928787,51.86147917,51.33038352,51.73436497,49.98
50.31380081,49.57235763,48.06902819,48.82069291,49.31839554,52.16
59.19361496,60.1564924,58.65164222,59.40406731,59.33391652,57.42
54.05810928,54.39220423,56.43591589,55.41406006,54.96207647,55.14
49.78621674,47.77521404,48.67998815,48.22760109,48.74713964,49.98
55.04319763,49.78646229,49.67838789,49.73242509,51.5026826,52.37
58.99950409,58.72428438,58.65195395,58.68811917,58.79191414,59.26
57.6256218,57.83999843,61.10047452,59.47023648,58.85536492,52.23
50.40611267,50.38272811,49.43143792,49.90708302,50.07342623,49.98
54.36572266,55.02384513,52.72081133,53.87232823,54.03679304,52.54
51.18665695,49.07966845,50.47590325,49.77778585,50.24740955,46.04
44.0997963,43.18267545,45.35856119,44.27061832,44.21367765,44.58
48.52333832,49.34674064,48.53328223,48.94001143,48.80112039,52.54
52.94649887,54.69512331,51.93131531,53.31321931,53.19097917,61.59
53.32746124,52.58816951,50.62386357,51.60601654,52.17983144,58.01
51.34912872,52.82446208,52.44851459,52.63648833,52.20736846,56.61
48.47234344,47.4207635,45.87455599,46.64765975,47.25588765,52.6
49.35173798,48.84528583,50.03402234,49.43965408,49.41034871,49.98
43.30871201,43.53185821,41.73103317,42.63144569,42.85720113,47.06
59.63522339,59.33998242,56.49242383,57.91620313,58.48920988,61.59
45.52705002,44.77809043,44.6972945,44.73769247,45.00081165,39.96
47.74678421,48.11423417,46.33117993,47.22270705,47.39739944,49.98
55.37914658,55.73445089,54.9502607,55.34235579,55.35461939,57.8
44.58361435,43.37843174,45.48625937,44.43234555,44.48276849,44.17
53.30640793,53.99460932,53.79249031,53.89354981,53.69783585,52.54
58.69835663,60.59984744,62.83711558,61.71848151,60.71177322,57.42
61.28094482,58.4186954,57.69803133,58.05836337,59.13255719,58.01
47.08309555,47.29234294,48.97728377,48.13481336,47.78424076,49.14
46.77581787,47.94565817,45.46163766,46.70364792,46.72770457,49.98
47.44778061,46.17600196,45.40474221,45.79037208,46.34284159,45.94
57.12207413,56.89885241,57.50923063,57.20404152,57.17671906,57.04
47.19937515,47.07435804,45.38991796,46.232138,46.55455039,52.54
59.48419189,59.6974706,61.54688536,60.62217798,60.24284928,59.96
48.78642273,46.13347124,47.81689766,46.97518445,47.57893054,49.98
59.41205978,59.54885794,58.62795878,59.08840836,59.19629217,61.59
54.67610168,54.31720736,55.44077566,54.87899151,54.81136157,69.09
56.31216049,56.05642239,56.37710485,56.21676362,56.24856258,57.42
58.73979568,58.22614263,58.06298779,58.14456521,58.34297537,57.04
47.40716934,43.33013553,42.95280963,43.14147258,44.5633715,44.58
60.66548538,60.92838729,62.3242152,61.62630124,61.30602929,56.61
53.9761467,54.64441143,53.48808029,54.06624586,54.03621281,52.23
59.64642715,60.10327649,62.92786268,61.51556959,60.89252211,52.37
56.30099487,54.72447384,57.29988591,56.01217988,56.10845154,57.8
58.82663727,58.89182254,60.14504672,59.51843463,59.28783551,56.82
50.1096077,46.05918681,49.45262115,47.75590398,48.54047188,49.14
58.56190491,58.49180839,60.66254809,59.57717824,59.23875379,60.92
47.557724,48.86552981,49.95904315,49.41228648,48.79409898,52.6
48.07810211,47.83520555,46.55286616,47.19403585,47.48872461,47.43
50.0259285,50.61972941,50.63763554,50.62868247,50.42776448,49.14
49.88100433,50.07542289,50.09095713,50.08319001,50.01579479,49.98
60.5080719,57.60779477,58.23380573,57.92080025,58.78322413,58.01
58.67400742,60.50307903,62.50509433,61.50408668,60.56072692,57.42
59.24217987,60.05043876,58.70278759,59.37661318,59.33180208,57.42
54.12243652,53.73264396,53.88182844,53.8072362,53.91230297,56.82
57.94820404,60.11051081,59.38023112,59.74537097,59.14631532,57.42
40.44260788,48.72819694,45.01085831,46.86952762,44.72722104,51.4
49.52548599,49.85907308,47.20543542,48.53225425,48.8633315,52.54
59.33944321,59.63561609,61.05489532,60.34525571,60.00998487,59.96
58.27193832,59.25189778,57.85019721,58.55104749,58.4580111,60.93
52.57541275,52.7456892,52.73697472,52.74133196,52.68602556,52.54
52.73229599,53.68374517,51.42614582,52.5549455,52.61406233,52.54
53.28866959,52.73952315,54.60164024,53.6705817,53.54327766,46.04
46.52410507,45.29609478,46.08203087,45.68906282,45.96741024,45.94
59.34626389,59.64084277,60.79129549,60.21606913,59.92613405,59.96
48.47243881,50.48751657,49.15880706,49.82316181,49.37292081,49.98
48.96511078,49.37867557,49.34055634,49.35961596,49.22811423,49.98
52.93390656,52.67901413,53.34276156,53.01088784,52.98522741,52.54
51.46960831,51.67472232,51.72661502,51.70066867,51.62364855,52.6
60.68235016,59.55921278,62.90545409,61.23233343,61.04900568,52.54
58.81548309,59.23778795,59.82167914,59.52973355,59.29165006,59.96
53.02513885,53.97293667,57.52918635,55.75106151,54.84242062,60.65
50.5887413,51.13866342,50.73446799,50.9365657,50.82062424,52.6
58.14398956,59.34373292,57.01479739,58.17926515,58.16750662,57.42
51.39817429,48.71627533,50.75250269,49.73438901,50.2889841,52.23
51.48392105,50.58307814,48.61590446,49.5994913,50.22763455,46.04
59.30858994,60.06374191,60.42337158,60.24355675,59.93190114,59.96
51.82746506,53.10166119,51.96140046,52.53153083,52.29684224,60.92
49.10308075,47.29234294,48.24545593,47.76889943,48.21362654,49.14
51.69171524,52.33533708,51.01630773,51.67582241,51.68112002,52.16
60.03197098,59.70634539,58.1293936,58.91786949,59.28923665,60.93
59.74821854,61.2488608,59.32186973,60.28536526,60.10631636,69.09
62.49549484,59.48835655,61.97140737,60.72988196,61.31841959,56.82
41.85342026,43.33576139,44.35127279,43.84351709,43.18015148,45.94
52.47405243,52.98756984,52.12075505,52.55416244,52.52745911,46.04
49.22182846,48.95250003,47.81252764,48.38251383,48.66228538,52.37
50.80699158,51.94847769,50.63431223,51.29139496,51.12992717,60.65
59.68563843,59.92932175,62.95775402,61.44353788,60.8575714,46.04
52.1858139,51.593861,53.02246865,52.30816482,52.26738118,46.04
59.27600098,60.06589579,61.42098749,60.74344164,60.25429475,59.96
57.15457535,49.84883395,53.27704672,51.56294033,53.42681867,35.08
58.12843704,50.89036392,61.12476699,56.00756545,56.71452265,59.26
59.54787064,60.2279878,60.64175583,60.43487181,60.13920475,56.61
47.07886887,44.70432984,43.35846737,44.0313986,45.04722202,44.17
44.95682907,44.67061057,45.5738238,45.12221719,45.06708782,34.15
59.80622482,59.41291955,58.96830925,59.1906144,59.39581787,57.04
59.49078751,59.65520778,60.42880979,60.04200879,59.85826836,59.96
60.0847435,59.19725113,58.30195672,58.74960392,59.19465045,57.8
37.92479324,48.4779577,40.57614258,44.52705014,42.32629784,36.05
48.58181,52.75189907,53.38917702,53.07053805,51.57429536,45.94
50.85560226,49.46718517,50.50919059,49.98818788,50.27732601,49.98
58.74685669,59.49839726,58.56361158,59.03100442,58.93628851,57.42
54.64578247,54.35127051,53.12962403,53.74044727,54.04222567,47.06
57.08127975,50.89210438,52.01138048,51.45174243,53.32825487,35.08
58.76436996,55.16063696,56.58831941,55.87447819,56.83777545,60.92
57.30379868,58.41601038,61.69591344,60.05596191,59.13857416,52.54
50.02159882,48.26590626,48.54285357,48.40437991,48.94345288,52.6
59.11239243,57.88901055,57.04588566,57.4674481,58.01576288,56.82
59.47069168,59.74112677,60.39184138,60.06648407,59.86788661,59.96
43.66924667,45.13849254,46.70097727,45.9197349,45.16957216,47.06
56.37560272,54.86993168,58.69681431,56.78337299,56.64744957,56.82
43.06536865,43.21342146,42.49008555,42.85175351,42.92295856,45.94
45.71668243,43.06913441,45.06592326,44.06752883,44.6172467,38.22
54.94642258,58.73857704,58.60410474,58.67134089,57.42970145,59.96
48.03712845,47.25741133,49.22421442,48.24081287,48.17291806,45.94
60.57349014,59.83648749,63.44928367,61.64288558,61.28642044,59.26
53.69124222,53.2745246,53.0259526,53.1502386,53.33057314,52.16
59.37129211,59.84768726,61.56641704,60.70705215,60.26179881,69.09
54.1612854,59.74141571,59.08072854,59.41107212,57.66114322,57.42
60.05596924,59.78226662,60.56897093,60.17561877,60.1357356,59.96
46.545681,47.6649014,46.57933491,47.12211816,46.92997244,52.6
62.53351593,61.75086362,63.33685028,62.54385695,62.54040994,61.59
58.73963928,59.55572852,58.87621527,59.2159719,59.05719436,57.42
54.18146515,57.3097419,51.95861972,54.63418081,54.48327559,52.37
45.41219711,46.66826456,48.22863181,47.44844818,46.76969783,45.94
50.99925995,53.63422075,49.93509604,51.78465839,51.52285891,52.54
51.07007217,52.01578499,50.79070149,51.40324324,51.29218622,52.54
50.14958572,49.97754721,51.43356059,50.7055539,50.52023118,51.32
59.50783539,59.74940582,60.88994474,60.31967528,60.04906198,59.96
49.94446945,50.15267775,49.97357721,50.06312748,50.02357481,55.14
59.47088623,61.77150067,61.62124657,61.69637362,60.95454449,58.01
51.43234253,50.78488974,50.92853233,50.85671104,51.0485882,49.98
58.73352051,59.35109447,59.67398894,59.5125417,59.25286797,59.96
45.46463394,46.56911867,45.31128441,45.94020154,45.78167901,52.6
54.25960541,59.77343482,59.29693198,59.5351834,57.77665741,57.42
54.91138458,60.11305536,60.39955683,60.25630609,58.47466559,57.42
59.41292191,59.69419301,61.84575779,60.7699754,60.31762423,59.96
49.03942108,48.47697212,47.53490808,48.0059401,48.35043376,52.54
41.58244705,42.39966846,39.26699076,40.83332961,41.08303542,34.15
55.78894043,57.76837977,56.87444554,57.32141265,56.81058858,56.82
62.61874771,61.71749299,61.65308304,61.68528802,61.99644125,57.04
48.63420105,47.48702956,46.96392014,47.22547485,47.69505025,52.54
59.20195389,61.46434091,59.39785492,60.43109792,60.02138324,58.01
47.94085312,47.3384307,45.23734971,46.2878902,46.83887784,52.6
60.35174561,59.72374778,60.47529376,60.09952077,60.18359572,59.96
52.33362579,51.62639041,51.79317933,51.70978487,51.91773185,52.54
44.5488205,45.49954522,44.2534667,44.87650596,44.76727747,45.94
51.9550705,52.72628791,50.81772891,51.77200841,51.8330291,52.54
52.76615524,50.89565674,51.80066565,51.3481612,51.82082588,52.54
52.98228836,53.20466833,55.52735568,54.36601201,53.90477079,57.01
57.72013092,54.99376648,53.15639975,54.07508312,55.29009905,58.01
49.97814941,52.28527704,48.99123973,50.63825838,50.41822206,51.4
52.12926483,52.37035142,51.65159956,52.01097549,52.05040527,45.94
51.43601608,50.77149139,51.10947256,50.94048198,51.10566001,47.43
49.13147354,48.55309519,46.94934424,47.75121972,48.21130432,52.16
63.12594986,62.54254218,62.36860693,62.45557456,62.67903299,71.02
50.65242004,50.06070146,48.52584303,49.29327224,49.74632151,45.94
52.40733337,53.48054297,53.28194523,53.3812441,53.05660719,55.14
50.10768127,49.85482524,48.57730791,49.21606658,49.51327148,45.94
50.76254272,49.16733512,51.20278266,50.18505889,50.3775535,49.98
53.40013123,53.9268681,54.40853498,54.16770154,53.91184477,57.01
51.68980408,52.18437598,48.71095018,50.44766308,50.86171008,60.92
42.43463898,44.1109656,43.95353187,44.03224874,43.49971215,44.17
48.21326447,50.68006065,46.86110947,48.77058506,48.58481153,52.54
58.92925644,58.46004948,61.67065858,60.06535403,59.68665483,57.04
41.90618515,42.88398799,39.37617989,41.13008394,41.38878434,44.17
57.20233536,58.87004993,58.37790784,58.62397889,58.15009771,59.5
60.0125351,60.33929739,58.66775065,59.50352402,59.67319438,59.96
58.77402496,59.65747922,59.61071453,59.63409687,59.34740624,59.96
39.32411194,42.88398799,41.25062197,42.06730498,41.1529073,44.17
59.1868515,61.08762372,60.26206178,60.67484275,60.17884567,35.08
45.45434952,45.52426411,48.58132266,47.05279339,46.51997876,34.15
57.7650795,59.32662873,57.03973857,58.18318365,58.0438156,57.42
57.85189819,56.3731945,58.6333598,57.50327715,57.61948416,51.4
54.04657745,55.72175752,54.75087355,55.23631554,54.83973618,61.59
47.83765411,48.364392,48.61579697,48.49009448,48.27261436,52.16
51.40631485,50.86485963,54.0241319,52.44449576,52.09843546,52.6
54.40812302,54.47833649,53.15750542,53.81792096,54.01465498,60.92
39.43780136,42.54261704,41.39061099,41.96661401,41.12367646,44.58
59.23366165,59.6701824,60.19002806,59.93010523,59.69795737,59.96
59.46348953,59.69538168,61.56987997,60.63263082,60.24291706,59.96
49.90774155,49.27018876,49.77350079,49.52184477,49.65047703,49.98
50.39426041,50.85972965,51.66525241,51.26249103,50.97308082,47.43
53.03040314,52.49745023,53.72219707,53.10982365,53.08335015,59.26
53.63111877,58.8217253,56.45493305,57.63832918,56.30259238,60.93
52.19352722,52.67661364,53.65660098,53.16660731,52.84224728,57.01
52.71535873,58.02568357,55.53415481,56.77991919,55.42506571,57.42
49.58983231,52.61146241,46.80616657,49.70881449,49.66915376,47.43
48.28214264,48.78415203,49.76572514,49.27493859,48.9440066,52.16
58.92431641,59.23778795,59.95129844,59.59454319,59.37113426,59.96
55.16989136,55.05407175,55.83788725,55.4459795,55.35395012,56.82
48.45248795,46.21738945,48.37264047,47.29501496,47.68083929,47.43
51.89273834,52.29697772,51.91233161,52.10465467,52.03401589,52.54
50.74001312,50.14724278,49.96932991,50.05828635,50.28552861,52.54
51.19419861,49.69269205,47.71165546,48.70217376,49.53284871,35.08
51.06799316,51.65866855,51.81791345,51.738291,51.51485839,52.54
52.33009338,52.13981498,50.73607959,51.43794729,51.73532932,52.54
59.94489288,60.00565301,59.33328446,59.66946873,59.76127678,59.96
48.6002388,48.54206524,48.65005276,48.596059,48.59745227,52.16
55.36570358,57.53579064,58.70470782,58.12024923,57.20206735,51.4
43.56706619,43.95750297,42.18709233,43.07229765,43.2372205,38.22
58.00372314,59.05932816,56.75601544,57.9076718,57.93968891,61.59
49.10217667,52.49628213,53.01164423,52.75396318,51.53670101,57.04
54.49740601,53.67308768,56.12649471,54.8997912,54.7656628,52.23
57.79209137,58.05148427,59.00705511,58.52926969,58.28354358,56.61
52.50857162,52.48657403,52.15573315,52.32115359,52.38362627,52.16
50.42089462,51.8801874,51.91911946,51.89965343,51.40673383,46.04
48.24167633,48.08909506,48.8934834,48.49128923,48.40808493,39.96
59.23649597,56.10060267,58.52152733,57.311065,57.95287532,58.01
46.08310318,47.35079376,46.76923052,47.06001214,46.73437582,49.98
45.09637833,49.26313577,45.35567206,47.30940392,46.57172872,46.04
51.7401619,49.83622346,50.39335297,50.11478821,50.65657944,52.37
49.33069229,50.60707752,49.13806102,49.87256927,49.69194361,52.54
43.56811142,43.92299206,46.17648479,45.04973843,44.55586276,41.36
59.16036224,59.74721238,60.50103687,60.12412463,59.8028705,59.96
59.16400909,58.38374545,59.42548617,58.90461581,58.99108024,56.61
59.51895905,59.53059754,59.92859394,59.72959574,59.65938351,59.96
59.71029282,60.00565301,59.27215076,59.63890188,59.66269886,59.96
51.32807922,50.6643312,49.47229904,50.06831512,50.48823649,52.6
49.01523209,49.89553547,49.38664986,49.64109266,49.43247247,46.04
61.4519577,59.11995258,62.15635901,60.6381558,60.9094231,71.02
44.66109085,45.34220994,42.569234,43.95572197,44.19084493,44.17
55.02371597,54.91549406,53.14296864,54.02923135,54.36072623,52.23
55.01044083,54.27234417,54.35293387,54.31263902,54.54523962,49.98
52.71065903,50.77136865,52.64788822,51.70962844,52.0433053,57.01
52.34645081,50.28404999,54.1713546,52.2277023,52.26728513,45.94
51.01199722,52.64480598,49.58777275,51.11628937,51.08152532,52.54
54.93530655,54.84829721,57.995828,56.4220626,55.92647725,57.01
55.47319412,56.67593681,54.18662346,55.43128014,55.44525147,57.42
61.61753082,56.18316626,60.09301236,58.13808931,59.29790315,51.4
58.87641525,59.72491374,61.03917756,60.38204565,59.88016885,56.61
59.40196609,61.07935183,59.97688586,60.52811884,60.15273459,56.61
50.73882294,50.40073437,50.4490943,50.42491433,50.52955053,52.6
57.71003723,60.04676486,59.45501493,59.7508899,59.07060567,57.42
44.52577591,45.96770802,47.60089785,46.78430293,46.03146059,49.14
55.08372879,55.05649424,55.17375785,55.11512605,55.10466029,51.32
55.29069519,55.40824827,55.19390945,55.30107886,55.29761764,52.54
58.62555695,60.68478387,60.71667123,60.70072755,60.00900401,56.61
54.6833992,54.83301806,57.04624182,55.93962994,55.52088636,55.14
48.3233223,52.00075828,44.63378976,48.31727402,48.31929011,52.37
52.10752487,52.0089185,52.16146325,52.08519088,52.09263554,52.54
58.67798996,60.27733436,57.85332094,59.06532765,58.93621509,57.42
56.81840897,57.35589397,58.70257345,58.02923371,57.62562546,56.61
47.98485947,47.37580168,47.07787556,47.22683862,47.47951224,55.14
47.61388397,46.87948457,45.65381012,46.26664735,46.71572622,52.54
52.28290939,50.85739372,50.25995206,50.55867289,51.13341839,49.98
59.14407349,59.15434379,58.45870712,58.80652546,58.91904147,56.82
42.13477325,42.84236347,44.48974092,43.66605219,43.15562588,44.58
46.49056244,45.49372771,49.54816621,47.52094696,47.17748545,47.06
52.67919159,54.64885758,52.42775348,53.53830553,53.25193422,69.09
55.32525635,57.9200374,53.21809425,55.56906582,55.487796,57.42
49.47167969,49.49375794,50.31231865,49.90303829,49.75925209,45.94
59.25162506,56.91378255,56.60041947,56.75710101,57.58860903,61.59
47.22193527,44.70432984,42.09885314,43.40159149,44.67503942,44.17
46.53349304,45.55400481,47.30692088,46.43046285,46.46480625,34.15
55.68801498,56.25213198,54.49498949,55.37356074,55.47837882,51.32
42.31495285,43.72869773,47.15798155,45.44333964,44.40054404,38.22
53.35765076,52.81286068,53.301718,53.05728934,53.15740981,52.23
51.24424744,53.19093377,52.26503662,52.7279852,52.23340594,51.4
59.62464905,53.88180926,56.13372526,55.00776726,56.54672786,61.59
49.21938324,48.10699377,47.13641289,47.62170333,48.1542633,49.98
52.61355972,53.87066618,51.81505006,52.84285812,52.76642532,69.09
51.19292831,51.01667371,46.3086613,48.66266751,49.50608778,46.04
53.26562119,54.55826283,51.76301959,53.16064121,53.19563453,46.04
49.31818771,54.3932585,49.13413402,51.76369626,50.94852675,60.65
51.85688782,52.82629999,53.01150533,52.91890266,52.56489771,52.16
47.25994873,44.69336352,43.50265793,44.09801072,45.15199006,47.06
59.22490311,59.74393478,60.58009971,60.16201725,59.84964587,59.96
53.24290466,53.92079815,53.94020894,53.93050355,53.70130392,54.55
50.67721939,52.43263607,49.41346069,50.92304838,50.84110538,52.6
59.98485565,59.49136691,59.16425888,59.3278129,59.54682715,59.96
52.44652557,51.83999433,51.4825072,51.66125077,51.92300904,52.54
59.98322678,60.15304953,59.73209484,59.94257218,59.95612371,59.96
52.31480408,52.65065541,52.77647913,52.71356727,52.58064621,52.6
56.29354477,55.36730646,53.93507956,54.65119301,55.1986436,57.8
59.88315964,59.98246571,58.96917575,59.47582073,59.61160036,59.96
60.35497665,59.74512346,60.47480702,60.10996524,60.19163571,59.96
57.93331909,59.29518541,56.09673143,57.69595842,57.77507865,51.32
51.46000671,53.53746286,50.26500803,51.90123544,51.7541592,52.6
55.30760574,51.6473097,52.97459026,52.31094998,53.30983523,52.37
48.21860123,47.62679071,48.67844252,48.15261661,48.17461148,46.04
59.55151367,60.05755178,59.96215614,60.00985396,59.85707386,59.96
59.52279663,57.9820148,64.05579107,61.01890294,60.52020084,59.96
52.81412888,51.24730992,51.27632488,51.2618174,51.77925456,55.14
59.92370605,59.48765963,59.13215709,59.30990836,59.51450759,59.96
59.96530914,59.79347344,58.94869862,59.37108603,59.5691604,59.96
56.16942596,54.89019881,55.81025001,55.35022441,55.6232916,59.26
45.28191376,43.61153572,46.44800053,45.02976813,45.11381667,38.22
59.34069824,59.72505109,60.70776453,60.21640781,59.92450462,59.96
58.10402679,58.98752498,57.89990192,58.44371345,58.33048456,59.5
58.66697311,59.38341736,59.69731733,59.54036735,59.24923593,59.96
47.80637741,49.10808162,46.69358759,47.9008346,47.86934887,46.04
50.13449097,49.42827416,48.70325991,49.06576703,49.42200834,52.6
43.68933105,45.33228942,46.62585298,45.9790712,45.21582448,45.94
38.71528625,41.9053465,37.19883827,39.55209239,39.27315701,41.36
52.78313065,52.56554103,54.53716825,53.55135464,53.29527997,46.04
51.24533844,50.88006224,49.44351564,50.16178894,50.52297211,47.43
44.05218506,49.0665471,41.45198657,45.25926684,44.85690624,36.05
53.99596405,50.83063252,53.79104777,52.31084014,52.87254811,57.01
51.38325119,52.94879967,50.77340717,51.86110342,51.70181934,52.6
52.34359741,52.67792863,52.64025187,52.65909025,52.55392597,52.54
52.14445496,52.31805532,52.48617034,52.40211283,52.31622687,52.54
47.42590714,46.21150906,43.45099306,44.83125106,45.69613642,47.06
51.95287704,52.59884675,50.86803429,51.73344052,51.80658603,57.8
52.14093399,51.15087074,52.61352338,51.88219706,51.9684427,46.04
51.71050262,51.65771985,50.70459302,51.18115643,51.35760516,52.54
48.8231163,50.28171463,47.75831858,49.0200166,48.95438317,49.98
53.23134613,53.32021998,51.28426471,52.30224235,52.61194361,52.54
43.71094513,42.52456568,42.68154529,42.60305549,42.97235203,45.94
57.00193787,58.95095217,55.13637024,57.0436612,57.02975342,57.42
65.43452454,63.19041934,65.76259662,64.47650798,64.79584683,71.02
59.7325058,60.08790573,60.44274411,60.26532492,60.08771855,59.96
59.16004562,57.88434791,60.69055287,59.28745039,59.24498214,57.8
57.97718048,59.31159827,57.17445832,58.2430283,58.15441236,57.42
54.32943726,59.34987994,58.28921084,58.81954539,57.32284268,56.61
50.23542023,49.30229023,47.74402395,48.52315709,49.09391147,52.54
51.85639572,51.19269748,51.4883552,51.34052634,51.5124828,52.54
46.51810074,45.46295665,43.72321293,44.59308479,45.23475677,45.94
54.30895996,59.6513072,59.09983332,59.37557026,57.68670016,56.61
59.01242065,60.19406998,57.38573231,58.78990114,58.86407431,57.42
59.23527908,59.58739095,59.40647407,59.49693251,59.4097147,59.96
56.47135544,57.87750123,60.02700366,58.95225244,58.12528678,56.61
55.03748703,54.07692522,56.4259588,55.25144201,55.18012368,55.14
55.15764236,59.59819363,59.88305122,59.74062243,58.21296241,60.92
50.59561539,49.4491176,45.31421253,47.38166506,48.45298184,35.08
55.22635269,54.95282465,57.42585764,56.18934114,55.86834499,55.14
59.16820526,59.74721238,60.56423882,60.1557256,59.82655215,59.96
47.50244904,49.08633396,48.9942843,49.04030913,48.5276891,52.54
49.34509277,49.72408904,51.069238,50.39666352,50.04613994,51.32
51.23439407,51.90767504,51.76548652,51.83658078,51.63585188,52.23
56.79161072,54.08964302,51.67637079,52.88300691,54.18587485,59.5
57.36379623,56.94850412,60.01485619,58.48168015,58.10905218,51.32
46.11641693,46.21645628,46.33333583,46.27489605,46.22206968,44.17
54.45381546,52.9382886,54.02115417,53.47972139,53.80441941,52.54
47.83337784,48.22857134,47.81679644,48.02268389,47.95958187,52.16
45.56226349,47.05136025,47.54234779,47.29685402,46.71865718,45.94
59.49980164,59.73582203,60.351315,60.04356851,59.86231289,59.96
54.25974274,59.74141571,59.5021946,59.62180515,57.83445102,57.42
64.26670837,56.80592876,62.64055505,59.7232419,61.23773073,56.82
52.63898468,52.91320758,52.360842,52.63702479,52.63767809,52.6
51.68958282,52.58072913,52.48111728,52.5309232,52.25047641,52.6
54.05864716,59.88724873,59.53060279,59.70892576,57.82549956,57.42
59.47919083,59.73362858,60.66948791,60.20155825,59.96076911,59.96
53.13696289,52.6544008,51.676823,52.1656119,52.48939556,52.54
54.12782288,50.59860272,53.32125567,51.95992919,52.68256042,59.26
43.83564758,48.47498744,45.62443932,47.04971338,45.97835811,36.05
51.56984711,50.19964568,52.00727182,51.10345875,51.25892153,46.04
57.39522934,57.49826821,58.98354909,58.24090865,57.95901554,58.01
59.28643417,59.75610139,60.32437656,60.04023897,59.78897071,59.96
41.95930862,44.42844091,43.93285487,44.18064789,43.44020147,39.96
48.49773407,50.33778765,48.55472615,49.4462569,49.13008262,52.16
44.20887375,45.03546427,42.61330755,43.82438591,43.95254852,45.94
56.74415588,54.84044918,54.42643439,54.63344178,55.33701315,57.42
54.89949036,53.99343322,54.27564922,54.13454122,54.38952427,55.14
49.87703705,48.45663692,48.98910346,48.72287019,49.10759248,51.4
50.28313446,48.76977395,49.18981231,48.97979313,49.41424024,52.37
59.76029968,59.61567232,60.40272068,60.0091965,59.9262309,59.96
48.48419189,47.44000773,46.7895115,47.11475961,47.57123704,52.16
47.15585709,47.40110235,46.29696088,46.84903162,46.95130677,49.98
42.49005127,44.76167207,47.20556447,45.98361827,44.81909594,45.94
47.35572433,47.42479259,44.70192075,46.06335667,46.49414589,49.98
55.53199005,57.77859873,53.6650995,55.72184912,55.65856276,60.65
48.26158142,48.84632691,50.47471701,49.66052196,49.19420845,60.92
52.88710022,53.58536912,53.5301801,53.55777461,53.33421648,52.16
47.72405624,47.03097042,50.44199156,48.73648099,48.39900608,52.16
59.36390686,58.99507251,59.25504566,59.12505909,59.20467501,61.59
60.70140839,59.96055588,59.29230166,59.62642877,59.98475531,59.96
44.87975311,44.41767797,45.01368569,44.71568183,44.77037226,45.94
59.4361496,59.66139791,60.65093575,60.15616683,59.91616108,59.96
60.05393219,59.35547996,60.31471761,59.83509879,59.90804326,59.96
55.42758942,52.63143764,53.2242423,52.92783997,53.76108979,52.23
55.53763962,56.7161374,57.34321551,57.02967646,56.53233084,57.04
56.83630753,54.213419,53.16153784,53.68747842,54.73708812,56.82
58.58935165,59.28080231,57.58293083,58.43186657,58.48436159,57.42
59.24799728,59.65920447,60.32679251,59.99299849,59.74466475,59.96
40.21979523,43.06913441,40.12436573,41.59675007,41.13776512,44.58
45.25587845,43.95750297,42.46114818,43.20932558,43.89150987,38.22
59.34514236,60.01761977,61.42774798,60.72268387,60.26350337,56.61
57.1751976,56.55430279,56.74786074,56.65108176,56.82578704,56.61
42.62777328,44.05837476,42.31224577,43.18531027,42.99946461,44.58
59.40491867,59.62067515,60.75323212,60.18695364,59.92627531,59.96
55.17937088,52.61162405,56.15664461,54.38413433,54.64921318,51.32
54.20178986,52.8396486,56.01937114,54.42950987,54.3536032,55.14
48.23917389,47.88491132,47.59261654,47.73876393,47.90556725,52.54
44.88175201,45.12224926,43.74469228,44.43347077,44.58289785,49.14
59.68123245,59.88129262,59.18375569,59.53252416,59.58209359,59.96
50.89438629,50.20045533,50.92880121,50.56462827,50.67454761,49.98
51.09888077,49.18256904,48.60223699,48.89240302,49.6278956,52.16
51.03256989,51.98930933,50.90363383,51.44647158,51.30850435,52.54
59.90317535,60.15541238,59.73554317,59.94547778,59.93137697,59.96
50.35293579,49.64283924,49.09935228,49.37109576,49.69837577,52.54
49.17617798,49.70758217,49.84399784,49.77579,49.57591933,47.43
59.58871078,59.66139791,59.64486529,59.6531316,59.631658,59.96
43.99074173,43.32913674,42.62332532,42.97623103,43.31440126,44.17
46.2627449,47.58596716,45.51190668,46.54893692,46.45353958,52.54
53.76066208,54.71504019,53.40857554,54.06180787,53.96142594,52.54
58.13096237,56.25698729,57.77808642,57.01753686,57.38867869,56.82
47.39413071,45.2317584,45.57837539,45.4050669,46.06808817,46.04
56.34492493,59.28220174,60.54317709,59.91268941,58.72343458,52.6
55.24038696,59.72966589,60.08539252,59.90752921,58.35181513,59.96
40.80516434,43.25717817,42.94771887,43.10244852,42.33668712,44.17
55.39009857,55.09783658,54.05269084,54.57526371,54.84687533,52.23
58.36806488,57.72753441,58.18093457,57.95423449,58.09217795,59.5
59.25057602,59.63835355,60.22048616,59.92941985,59.70313857,59.96
59.97504807,59.96285462,59.61919876,59.79102669,59.85236715,59.96
48.82860565,48.0148176,46.30024726,47.15753243,47.71455684,49.98
53.98271942,59.69332153,58.57115214,59.13223683,57.41573103,57.42
48.10946655,47.2247699,45.20596989,46.2153699,46.84673545,49.14
60.07456207,59.84289424,60.80538727,60.32414075,60.24094786,59.96
63.85792542,62.24131616,64.12585964,63.1835879,63.40836707,52.37
58.29873657,59.25401807,56.94940141,58.10170974,58.16738535,57.42
59.31343079,55.63460044,58.42021979,57.02741011,57.789417,69.09
52.81187439,49.64102015,48.17090908,48.90596461,50.20793454,52.37
52.35068512,51.0959528,52.57397315,51.83496297,52.00687035,52.16
49.1791954,50.03041197,46.9139073,48.47215963,48.70783822,52.6
55.19592285,59.41389466,59.73267866,59.57328666,58.11416539,59.96
56.72187424,56.13680422,50.61455523,53.37567973,54.4910779,56.61
50.69065857,50.7763301,48.831958,49.80414405,50.09964889,52.54
59.73327637,60.07527205,60.95326562,60.51426884,60.25393801,59.96
55.12088776,54.07304353,55.06903536,54.57103944,54.75432221,57.01
56.03577042,56.97835039,54.66648945,55.82241992,55.89353675,57.42
45.22494888,44.31043784,44.38153316,44.3459855,44.63897329,44.17
46.1272049,46.63368251,43.49948993,45.06658622,45.42012578,49.14
59.01792145,60.31511076,56.807468,58.56128938,58.71350007,57.42
47.37708664,47.70388611,47.73510025,47.71949318,47.60535767,47.43
50.82776642,51.72281555,49.99053418,50.85667487,50.84703872,52.54
60.58429718,60.4208384,57.93256126,59.17669983,59.64589895,60.93
42.7375145,42.18476196,43.99152967,43.08814582,42.97126871,47.06
56.88832855,56.32995892,55.93670671,56.13333281,56.38499806,46.04
56.01993179,55.32110101,54.68357639,55.0023387,55.3415364,60.92
38.55215073,41.95451971,40.84954002,41.40202987,40.45207015,44.17
59.25834274,60.50140876,62.46442182,61.48291529,60.74139111,56.82
48.97452164,50.935644,47.78265291,49.35914845,49.23093951,46.04
54.77921295,52.53440843,48.53298344,50.53369594,51.94886828,56.61
53.9961586,59.5036029,59.00286664,59.25323477,57.50087605,57.42
59.47549057,60.3001592,63.99763711,62.14889815,61.25776229,56.61
59.21862793,60.19770223,62.10930701,61.15350462,60.50854573,57.04
46.0981636,45.25234436,45.21704655,45.23469546,45.52251817,45.94
50.69369507,52.55389542,52.39814062,52.47601802,51.88191037,59.26
42.22316742,43.75899579,46.12945683,44.94422631,44.03720668,38.22
59.09593201,59.74721238,60.6129345,60.18007344,59.81869296,59.96
55.79781342,55.00910268,54.1546798,54.58189124,54.98719863,56.61
48.67658997,50.48687974,48.43744546,49.4621626,49.20030505,52.6
60.6943512,60.23187572,59.67910485,59.95549028,60.20177725,59.96
41.97712326,43.50890028,46.14377521,44.82633775,43.87659958,41.36
44.02612305,42.94236119,42.50835612,42.72535865,43.15894679,44.17
45.42869949,43.61153572,44.98413082,44.29783327,44.67478868,38.22
58.19618988,59.28615272,57.04051805,58.16333538,58.17428688,57.42
59.16820526,59.74721238,60.50610336,60.12665787,59.80717367,59.96
45.66694641,46.71771753,46.55651365,46.63711559,46.31372586,52.54
50.38345718,50.38384553,50.68046723,50.53215638,50.48258998,45.94
51.56284714,50.79172714,51.58190803,51.18681759,51.31216077,52.54
48.92441559,48.74589108,47.73940203,48.24264655,48.4699029,47.43
51.48535156,50.90763834,51.21502703,51.06133268,51.20267231,60.92
54.05222702,60.41034679,59.21348529,59.81191604,57.8920197,57.42
50.94947433,52.67689851,49.13717295,50.90703573,50.92118193,52.6