Cat,Light,GBR,H2O,Average,Real
56.75576309,55.20917716,55.04723057,54.69299299,55.42629095,56.82
48.12987595,45.72178334,50.26134009,48.21856903,48.0828921,44.17
58.71447931,53.46383854,57.49033555,56.99534287,56.66599907,59.96
58.06516903,53.44884742,55.56702109,58.18138046,56.3156045,35.08
49.52162838,50.71711046,49.83746246,47.93450277,49.50267602,55.14
57.52498596,55.10284671,57.44954728,57.91281317,56.99754828,59.96
55.47910859,52.80548567,51.65350281,48.60947028,52.13689183,57.01
52.82186819,53.17224818,52.99368226,53.36460746,53.08810152,51.32
57.29768459,59.9403069,57.46004329,58.79423259,58.37306684,59.96
48.217586,49.89697284,51.53848369,48.94929276,49.65058382,49.98
58.25035486,59.55776504,57.45546031,58.18801807,58.36289957,59.96
53.48275103,51.51541517,48.58162627,52.93576156,51.62888851,52.23
51.67604413,46.87475599,52.70584056,48.60246231,49.96477575,39.96
51.34761097,51.60548505,47.93226453,50.2881361,50.29337417,52.23
51.80846061,53.3777361,51.14541982,53.97202081,52.57590934,46.04
49.50161865,52.96879846,50.00656666,48.80520155,50.32054633,54.55
50.8819407,53.89586627,51.65799139,51.81220921,52.06200189,60.92
52.78506429,53.33336359,48.57967532,52.65942798,51.8393828,52.23
50.24162364,51.28328621,51.5475518,52.11682377,51.29732136,49.98
50.15803347,50.40345225,52.36490002,52.62962277,51.38900213,47.43
46.30815213,47.57901133,47.24976387,46.33670717,46.86840862,47.06
53.59757799,53.28291848,49.73453016,54.29874627,52.72844323,52.23
59.50827894,57.68198499,57.43974059,57.27279188,57.9756991,59.96
60.61105235,59.37256006,57.43974059,57.05818575,58.62038469,59.96
55.14389407,53.69080882,55.72459105,52.86339386,54.35567195,57.8
55.95839373,58.05949476,55.90251273,54.31938275,56.05994599,61.59
58.32774408,59.62519808,57.43974059,58.21935084,58.4030084,59.96
56.46616849,59.76466663,57.43974059,58.08510641,57.93892053,59.96
55.33897205,54.69462965,55.05808719,55.11750826,55.05229929,60.92
50.29925616,50.1980245,50.4798536,51.23647808,50.55340308,45.94
52.93084027,53.38802777,54.61268402,53.71702488,53.66214424,46.04
51.50097555,53.12174402,51.62973035,53.1373846,52.34745863,52.6
58.13076076,58.81198964,57.46004329,58.29475808,58.17438794,59.96
54.61108363,51.68355481,51.50437957,53.01584569,52.70371593,49.98
51.62691231,51.40038375,51.38112224,52.16539374,51.64345301,49.98
58.79036201,55.8801321,56.59561859,55.20627282,56.61809638,61.59
54.53142421,53.70725313,52.08120898,54.83379362,53.78841998,57.04
60.02740533,59.0615108,57.44568659,58.43301469,58.74190435,59.96
53.25988742,55.97151574,54.73806154,54.79452567,54.69099759,58.01
52.74477476,51.51326561,51.9122982,51.15355721,51.83097394,52.6
51.31692985,50.6632046,51.93844471,50.96951888,51.22202451,47.43
49.33778659,55.41019846,54.26173363,55.1984467,53.55204134,69.09
55.66022856,58.09660077,55.8629402,58.46830424,57.02201844,57.42
49.0737935,52.54571093,53.47481275,51.66314237,51.68936489,46.04
54.13046986,53.68059511,49.45410172,53.48659072,52.68793935,52.23
42.12911866,45.7993761,46.6107121,47.70972414,47.70972414,34.15
58.48242651,57.73320948,57.45472159,57.83912397,57.87737038,59.96
52.14158828,51.73202106,51.90115084,52.2763241,52.01277107,52.6
45.36691925,52.79904678,46.69934778,45.61507154,47.62009634,57.01
52.38729143,53.06427884,51.94854971,51.44646737,52.21164684,52.54
56.60391109,56.00964324,55.83557131,56.57895985,56.25702137,57.42
57.00271416,58.20636033,55.69261604,56.76917039,56.91771523,59.5
52.85413811,51.42727485,51.52755986,52.14424459,51.98830435,49.98
54.05793104,56.69123339,56.16489336,57.12429683,56.00958866,56.61
56.3321293,57.15310242,57.45517737,54.82141358,56.44045567,59.96
56.24595386,55.91110201,56.1597734,57.82308399,56.53497831,52.37
58.63494267,57.19533857,57.46824884,58.45722134,57.93893786,59.96
49.28270412,50.69083273,50.72207138,52.42689807,50.78062658,45.94
57.90387102,57.11819047,55.84144748,57.52876752,57.09806912,57.42
60.27734038,56.7987987,56.35264256,55.75646749,57.29631228,56.61
48.23792763,47.48631107,49.81748166,49.0449364,48.64666419,47.06
49.86980563,46.54406237,49.32333989,47.0194148,48.18915567,44.58
50.56540024,52.83900233,51.38276603,49.2570826,51.0110628,55.14
50.30126254,53.11094465,52.28372611,51.4690808,51.79125353,47.43
50.78480033,53.09387736,51.87646636,52.45179678,52.05173521,52.6
55.11102613,53.36728641,55.31701765,56.80308909,55.14960482,51.32
58.10755948,58.49017119,55.81476692,54.91261895,56.83127914,59.26
56.5723705,56.36066811,55.34120605,56.15464522,56.10722247,71.02
47.18047851,46.99295256,49.71404189,48.9402766,48.20693739,44.17
56.78574751,54.44864217,55.77841148,53.46974086,55.1206355,59.26
51.12828114,54.4495071,54.23904947,52.63106238,53.11197502,69.09
53.35642148,51.07642266,50.8621839,48.71367767,51.00217643,49.98
48.88398208,47.26849263,49.10807223,47.54747042,48.20200434,44.17
51.21829582,50.07828502,51.52263967,48.59386569,50.35327155,55.14
52.30151528,51.52937245,52.54701418,52.93264552,52.32763686,52.54
60.63544294,56.71505063,56.37340667,56.60757119,57.58286786,60.92
53.59850193,53.7860748,54.54899011,53.86228254,53.94896234,60.65
53.91571447,54.30292091,55.22213089,56.36234635,54.95077816,58.01
55.30347294,53.33909007,54.73938084,56.49454408,54.96912198,51.4
44.37458287,52.81804955,47.70114899,49.42071005,48.57862287,55.14
56.87436735,57.38439873,55.85035107,57.05882402,56.79198529,57.42
50.63601809,52.2944983,47.04748101,52.89700933,50.71875168,52.23
52.15019347,54.39399409,54.66038335,53.97455596,53.79478172,46.04
51.05752918,47.38444793,50.19925216,47.28238621,48.98090387,44.17
51.95664185,50.57033704,50.96896023,50.95776829,51.11342685,45.94
56.52542602,55.07915101,55.13906667,54.47507476,55.30467962,56.82
51.72692042,52.28492453,48.59671898,53.1774209,51.44649621,52.23
53.06396678,52.26561264,52.34133718,51.58689089,52.31445187,52.54
43.28064239,52.80506344,46.70167275,44.18356059,46.74273479,57.01
54.6298798,53.32922063,54.73558067,55.59354238,54.57205587,51.4
50.98303518,52.30842874,51.5411456,52.82537174,51.91449531,46.04
57.0263389,54.84310819,54.29500555,54.93561133,55.27501599,60.92
52.25728657,52.53998245,52.36274212,53.27643841,52.60911239,52.54
52.42033807,52.53998245,52.36274212,52.61856563,52.48540707,52.54
58.94030214,58.2728368,57.4449045,57.15466878,57.95317806,59.96
57.4667424,58.00978501,55.83462431,56.97017122,57.07033073,57.42
55.86666162,56.35831361,55.91424522,53.56606855,55.42632225,56.82
55.17332977,53.41232609,53.15102187,55.85560693,54.39807116,51.32
58.15014074,57.53661951,57.13247915,58.5587782,57.8445044,59.96
44.82496605,42.85819722,51.96044781,46.68087514,46.58112156,41.36
53.65133915,55.07724162,54.72957928,55.02999396,54.6220385,51.4
58.30593083,58.07941024,57.4571522,57.21580364,57.76457423,59.96
54.51065519,53.44907797,52.2156248,51.21158339,52.84673534,59.26
51.59479071,46.98607077,52.88076034,47.94914796,49.85269244,39.96
50.92975298,52.9145011,52.8580072,53.41510885,52.52934253,51.32
56.034578,57.33457304,55.85220383,57.75256176,56.74347916,57.42
50.45643095,51.78173496,51.42995729,53.32577655,51.74847494,52.16
59.28947183,59.6107093,57.45560567,57.6366292,58.498104,59.96
51.63841681,51.70895463,51.40030545,51.12608988,51.46844169,49.98
52.66399851,53.7021357,54.63236393,53.00944868,53.50198671,60.65
53.78589801,56.53171443,54.71197801,55.80628366,55.20896853,58.01
49.6038752,51.24730887,51.72182979,51.08032576,50.9133349,49.98
42.30870602,47.45592264,46.57429684,46.14178138,45.62017672,49.14
51.61133703,51.88510443,50.51410194,52.12392673,51.53361753,46.04
51.6034541,53.19688705,53.65080331,53.9257892,53.09423341,51.4
53.06140561,53.42894836,49.73712628,53.98402267,52.55287573,52.23
53.63412337,52.45512017,52.34762893,51.78268239,52.55488871,52.54
46.4512477,49.12651098,47.62937876,48.37251425,47.89491292,49.14
57.53502547,59.72449949,57.46805499,57.28399583,58.00289395,59.96
47.24155301,51.35999242,53.4696421,52.74834633,51.20488346,46.04
45.39310215,52.81171623,47.69871481,45.39599021,47.82488085,55.14
50.45498069,53.07371624,51.65677893,52.44756632,51.90826055,52.6
52.99901382,52.74455483,53.36994294,54.09402262,53.30188355,51.32
57.70591373,56.65871403,56.55625602,54.4626344,56.34587955,61.59
48.63174345,46.97302642,48.24801976,49.5209275,48.34342928,38.22
54.05829253,52.82099126,51.7561321,53.46532761,53.02518588,58.01
51.5417363,45.78581676,50.86478879,50.98358035,49.79398055,45.94
49.56784508,48.29663221,50.61084449,48.03985576,49.12879438,52.6
45.59724425,46.96873233,47.00037604,47.6054042,46.7929392,47.06
53.01589242,51.29390974,51.34023297,51.37535199,51.75634678,52.16
55.64645208,53.19583984,53.24098273,55.83217556,54.47886255,51.32
52.2741794,53.09430939,52.33027592,51.5863981,52.3212907,52.54
53.11011422,52.92740946,54.09537721,51.68919066,52.95552289,61.59
51.33253999,52.04365659,51.71697782,54.64836937,52.43538594,45.94
59.8172221,59.90230382,57.45483158,58.36724117,58.88539967,59.96
53.71174115,53.23791209,52.773244,53.80167047,53.38114193,52.54
57.27378194,56.52598013,55.86674453,57.66621443,56.83318026,57.42
50.85586751,47.38241717,50.17611381,46.91490346,48.83232549,44.17
53.18327349,55.07724162,54.72957928,55.95161386,54.73542706,51.4
58.12707205,57.96150522,57.4571522,57.82242912,57.84203965,59.96
56.45457581,54.03851586,54.57289021,54.00340116,54.76734576,57.8
47.46816936,48.54211081,49.71701126,47.9489253,48.41905418,44.17
54.30013289,59.76531536,55.69342307,56.0722951,56.45779161,61.59
55.94503615,54.237725,54.94745484,53.23907885,54.59232371,59.26
52.47072559,52.13593659,51.90554806,52.59241756,52.27615695,52.6
59.05418667,56.35883736,57.10355284,54.40097483,56.72938793,59.26
51.00130061,51.45196503,52.3367968,51.92010658,51.67754225,47.43
45.27930925,46.56648535,48.12040733,49.35665148,47.33071335,47.06
55.61874661,57.12117347,55.9654954,56.06915885,56.19364358,56.82
56.1199416,56.28284673,56.94217931,55.50252442,56.21187302,57.04
52.24742133,51.96291075,52.57605321,51.51967563,52.07651523,52.54
48.04026614,49.50135999,49.66556993,50.09513302,49.32558227,45.94
52.59259803,52.13676821,51.59583796,50.91568352,51.81022193,49.98
58.31349961,58.73804066,56.59577665,56.539475,57.54669798,60.92
57.21907557,55.00385667,56.9191466,57.50845374,56.66263315,52.37
54.11532541,55.00385667,54.14107837,56.03499635,54.8238142,58.01
53.28783033,54.73521334,54.68668728,54.71832485,54.35701395,58.01
56.72914286,54.58995832,55.58752396,55.73801191,55.66115926,51.32
46.24139853,51.24433583,50.11647218,51.65950655,49.81542827,45.94
50.62096077,46.97459589,48.27249707,48.0023581,48.46760296,38.22
57.3345169,57.47609206,55.83979374,57.00787005,56.91456819,57.42
56.57037881,57.38363437,55.83979374,57.09840328,56.72305255,57.42
48.470068,53.08352283,49.96983529,49.40069316,50.23102982,45.94
57.62318017,53.559019,57.59833843,57.71050267,56.62276007,36.05
50.54928687,52.98600849,51.41715975,51.51174273,51.61604946,52.16
51.63551369,53.39034998,54.6126194,53.33917057,53.24441341,46.04
52.39292643,53.68511627,52.38006733,54.36469113,53.20570029,56.61
58.88568372,58.91248205,57.44655227,56.48333599,57.93201351,59.96
54.51410115,53.368619,51.07921594,52.90959797,52.96788351,46.04
56.82618026,56.03912792,55.8629402,55.99693491,56.18129582,57.42
52.29968544,52.96913128,51.80724202,52.47076364,52.3867056,52.6
50.99626458,52.0692757,47.05728733,52.71845941,50.71032175,52.23
49.55153156,51.07031998,51.52542019,50.45971663,50.65174709,49.98
54.15031878,53.42903744,52.87313934,54.75080182,53.80082435,51.32
56.89898959,53.33380954,54.68965828,51.39476861,54.07930651,60.65
52.6540034,52.8089787,52.33833825,52.37426857,52.54389723,52.54
55.80228669,56.50958602,55.85203833,57.46244478,56.40658895,57.42
52.9780137,53.3397092,54.29824119,54.75912219,53.84377157,51.4
51.41773814,52.53687563,52.36926278,52.82111726,52.28624845,52.54
57.09850439,57.39542474,55.84971406,57.85853857,57.05054544,57.42
52.68603266,51.53694451,51.06870198,52.29079914,51.89561957,45.94
54.72914271,53.94900314,53.23732471,55.52196664,54.3593593,51.32
51.25311565,51.12117773,50.72350961,53.07855119,51.54408854,45.94
50.82639796,44.41039819,50.20986353,51.91051317,49.33929321,41.36
49.5217021,47.21019523,50.2603972,48.13203088,48.78108135,47.06
57.79306748,59.6139658,57.46597986,58.40839898,58.32035303,59.96
50.79890859,52.41426826,51.6469747,51.98886001,51.71225289,52.6
60.40049538,59.69492535,57.45472159,58.52167403,59.01795409,59.96
55.9950425,57.84285581,55.8629402,57.28738947,56.747057,57.42
51.46754095,54.04087585,55.37026397,53.86975399,53.68710869,46.04
56.83872641,55.84976341,55.25065077,57.08030872,56.25486233,61.59
57.85695917,52.57573343,54.47614322,51.62251881,54.13283866,60.65
47.48011305,43.6211695,48.82917249,49.86787959,47.44958366,38.22
58.04217362,57.17877327,55.87883311,56.19604913,56.82395728,57.42
50.13548231,46.78920938,52.75507482,46.9918614,49.16790698,39.96
55.41357423,55.35699331,55.05564218,56.09771055,55.48098007,56.82
56.53620882,58.03482769,55.8629402,57.62133048,57.0138268,57.42
49.04480681,50.37636417,53.54298158,54.25376189,51.80447861,46.04
59.95350541,59.79272544,57.45483158,58.50000823,58.92526767,59.96
52.76497,52.32786153,52.58902869,52.55742909,52.55982233,52.54
46.64422413,42.53430451,51.89070909,48.26402539,47.33331578,41.36
53.90430168,51.41551566,51.55778491,49.46361496,51.5853043,57.01
50.52378145,53.09345512,51.65361615,52.80880958,52.01991557,52.6
54.83184145,53.19493428,54.30804602,55.01185764,54.33666985,51.4
51.79099962,52.53379086,51.62082223,52.47534319,52.10523898,52.54
52.15047193,51.6050678,50.97112057,53.36735867,52.02350474,45.94
57.93086834,58.95371866,57.19237574,57.65739551,57.93358956,59.96
45.77360961,41.43671373,52.26605423,48.06355322,46.8849827,41.36
52.60615826,51.29477297,52.67623197,52.29268101,52.21746105,52.54
51.36089827,49.6860085,53.55249611,55.08247918,52.42047052,46.04
52.76181033,52.20551696,51.76514246,51.20774565,51.98505385,52.54
58.76203176,56.65697649,56.32284032,56.0932396,56.95877204,56.61
55.3045512,55.01911841,51.91851562,49.98331616,53.05637534,59.26
50.24858812,44.92315956,49.24095627,47.295766,47.92711749,44.58
54.58360038,53.36923919,55.32088627,58.16613442,55.35996506,51.32
53.82154754,53.42937059,49.73703268,54.16325739,52.78780205,52.23
57.55759648,55.08754462,55.44846211,54.09991264,55.54837896,69.09
50.53581625,52.08265622,50.82625484,49.36396555,50.70217321,46.04
50.78249682,46.22739173,50.52423002,49.16267468,49.17419831,45.94
57.21358781,58.79769844,57.46824884,58.23195707,57.92787304,59.96
58.60002403,59.29188067,57.39803048,56.7825671,58.01812557,59.96
54.11387857,53.19093531,49.71664069,53.30038571,52.58046007,52.23
53.26035913,52.77128568,51.64078535,49.17851901,51.71273729,57.01
53.28372343,53.11387736,56.80940847,55.29760362,54.62615322,57.8
52.93737043,52.42616761,52.46897826,51.99032079,52.45570927,52.54
56.69542251,57.3109289,55.84971406,58.32488145,57.04523673,57.42
50.70318314,50.51199061,51.17992209,50.57888068,50.74349413,49.98
54.61964409,53.68260542,54.28239492,55.07934512,54.41599739,52.37
55.94534849,57.12276717,56.90864254,55.74486659,56.4304062,57.04
58.08087623,58.69696607,57.44568659,57.85430979,58.01945967,59.96
48.65538791,47.54760575,48.51355878,47.6183043,48.08371419,44.58
52.92681843,51.84929543,51.47558244,49.8486785,51.5250937,57.01
43.9696824,45.83821585,49.1532479,47.55863786,46.629946,44.58
50.30709771,56.87568486,57.41636079,57.47704318,55.51904664,59.96
57.21934388,53.52561527,56.56763015,55.03119549,55.5859462,61.59
45.08779618,52.43710207,46.68094451,44.42927456,47.15877933,57.01
54.38442978,53.02449265,52.13053265,54.53887424,53.51958233,57.04
47.75942206,45.48375972,48.95537871,46.89650173,47.27376556,44.58
44.04658804,45.75647752,50.26012188,46.53542599,46.64965336,44.17
56.80811881,57.16943524,55.86674453,57.61463782,56.8647341,57.42
51.49322951,48.363137,51.08299127,51.90096157,50.71007984,45.94
48.60700904,48.81789947,50.28891198,49.45639098,49.29255287,47.06
49.78312032,50.27998689,53.41086888,52.48321254,51.48929716,46.04
48.11237314,45.54708549,49.26770433,47.23055381,47.53942919,44.58
54.31961067,58.41377084,56.08591678,57.71486537,56.63354091,56.82
52.80209144,46.43590788,52.75507482,49.14434912,50.28435581,39.96
58.39792005,56.70384356,55.83557131,57.96388713,57.22530551,57.42
57.80160503,58.08408105,55.69261604,55.03200718,56.65257732,59.5
54.80092815,57.47026409,56.15681516,57.09736913,56.38134413,56.61
57.7035816,58.46638025,57.44655227,58.0532081,57.91743056,59.96
51.79471847,52.12455599,51.73382348,51.44354628,51.77416105,52.54
59.9557627,60.16843081,57.45483158,59.3724357,59.2378652,59.96
56.97959096,57.57228828,55.83979374,57.00014448,56.84795437,57.42
56.37801555,57.51559596,55.83979374,57.0939314,56.70683416,57.42
51.25412541,45.95949799,50.17094686,46.82901117,48.55339536,44.17
57.80625089,58.0324753,57.47184224,57.46558056,57.69403724,59.96
51.9161835,52.20028517,48.58678929,52.38544697,51.27217623,52.23
56.50895071,57.27936313,55.85035107,57.85046674,56.87228291,57.42
53.04022544,51.943487,51.88001191,51.36717695,52.05772532,52.6
52.15802096,52.84669468,48.9571849,53.58070996,51.88565263,52.23
45.54921456,44.6073422,48.6259152,47.02549548,46.45199186,44.58
50.40419393,50.60326813,52.3907967,50.90738312,51.07641047,47.43
52.16325998,52.57626279,52.71974969,53.40598389,52.71631409,52.54
51.18624719,52.57626279,51.79806549,52.96324717,52.13095566,52.6
51.98353665,49.42364188,52.00499642,51.77423644,51.29660285,47.43
50.95879488,51.42646424,51.52263298,51.54954358,51.36435892,49.98
49.18330418,49.99129924,49.60542037,48.8615547,49.41039462,45.94
48.09247828,50.33877171,50.63377375,49.79934255,49.71609157,52.16
58.17532821,56.65871403,56.55625602,54.08575325,56.36901288,61.59
53.48564031,52.74455483,53.36994294,52.38997259,52.99752766,51.32
47.89039676,46.77018103,49.74112962,48.39571069,48.19935452,44.17
46.14552758,49.26435038,49.65871864,49.19109735,48.56492349,45.94
44.42909948,39.80602947,52.24428191,46.85007888,45.83237244,41.36
56.41123017,55.30777772,55.10317565,52.59041504,54.85314965,59.26
50.88673081,54.47610435,53.90246733,55.15610579,53.60535207,52.37
56.10610656,54.95766305,56.45822657,54.20436391,55.43159002,57.8
51.27022668,48.16996107,51.69524575,48.72181667,49.96431254,39.96
57.57741612,58.03145117,55.8753032,56.27458701,56.93968938,57.42
47.69573678,47.24180567,48.22354663,48.94056456,48.02541341,38.22
56.13375401,57.3641886,55.87883311,55.61946052,56.24905906,57.42
52.69117007,46.5102227,52.77140232,47.73028205,49.92576929,39.96
49.87960168,47.25823815,50.53473584,50.50255707,49.54378318,45.94
58.65929755,56.84917091,56.58340578,57.98799957,57.51996845,60.92
45.09195425,47.81145307,47.60924477,45.85915786,46.59295249,49.14
56.35324234,57.099436,55.84144748,59.13638697,57.1076282,57.42
55.61530256,56.96750735,56.16197809,59.51478428,57.06489307,56.61
52.27258735,51.9453817,51.00570679,50.00990855,51.3083961,49.98
53.94689252,53.56641452,54.31337162,54.48470939,54.07784701,51.4
48.14009884,50.44748904,53.53781882,54.90482721,51.75755848,46.04
61.47720325,60.44288256,57.46805499,58.63626266,59.50610087,59.96
47.16638713,51.46514955,49.71381732,51.63942895,49.99619574,54.55
57.95202184,55.33573986,55.84564102,57.28839032,56.60544826,57.42
53.27816465,53.56748699,51.07405197,53.72513675,52.91121009,46.04
59.38058978,57.75009212,57.46805499,58.08882561,58.17189063,59.96
50.8332483,50.27475584,51.53718369,49.90363588,50.63720593,49.98
55.82383648,56.0750063,57.15928931,54.7728255,55.9577394,57.8
55.05271876,56.67922031,56.16489336,56.81261256,56.17736125,56.61
48.37575067,50.24136862,50.85783256,50.84113848,50.07902259,49.98
60.5099534,56.56979309,55.7147927,55.44985274,57.06109798,61.59
56.85732938,54.53629564,55.21138358,54.33649757,55.23537654,57.8
52.68867062,52.57626279,52.30935965,51.15835913,52.18316305,52.54
53.2453555,52.57626279,51.66413299,53.34216904,52.70698008,52.6
56.07616968,55.76322085,56.35301225,56.69148977,56.22097314,56.61
50.75572925,53.62354609,52.63643986,54.86478273,52.97012448,56.61
48.26871698,52.81171623,49.85242654,47.76860255,49.67536557,55.14
52.26954482,53.07371624,51.91095274,52.49928368,52.43837437,52.6
44.30780988,46.3219901,48.0835545,48.338188,46.76288562,47.06
61.29541759,59.36038088,57.47583411,58.29388502,59.1063794,59.96
57.41756705,54.34155105,56.11319819,55.3688418,55.81028952,52.37
49.67225862,51.94161845,51.74135115,51.28280002,51.15950706,49.98
54.86186866,53.1447454,55.00490865,55.19126859,54.55069783,56.82
48.94718567,52.91190402,49.72753323,49.78686466,50.3433719,54.55
52.72927569,50.49832014,51.09743204,52.82139741,51.78660632,45.94
51.5074914,48.91920661,51.71859,49.94779654,50.52327114,39.96
45.39511506,44.03859821,48.60559154,46.92500655,46.24107784,44.58
56.26681965,57.5884428,55.86590781,57.60881509,56.83249634,57.42
51.10492935,50.86851143,51.27494175,52.61066613,51.46476217,49.98
48.54542139,50.37700852,50.69046632,49.87649142,49.87234691,49.98
51.75224743,52.15000092,51.56161933,52.91499123,52.09471473,49.98
55.56306209,55.51378555,55.08458068,56.30636721,55.61694888,56.82
56.99263055,56.33364473,57.18420316,56.95453237,56.8662527,57.8
46.39663319,46.56183592,49.71701126,48.34290272,47.75459577,44.17
59.66058154,59.19113767,57.4573237,58.96804979,58.81927318,59.96
54.0511069,53.53511737,53.20579222,54.7295971,53.8804034,51.32
55.34242244,53.66603097,54.68645544,55.55746083,54.81309242,60.65
55.14488493,53.21640031,53.28620122,53.59398148,53.81036699,51.32
53.34172868,52.78756372,52.13573403,52.69419294,52.73980484,52.54
51.39578687,49.9670922,50.65128062,52.15277022,51.04173248,45.94
45.44509259,53.22098428,53.47944539,53.36943309,51.37873884,46.04
50.35182886,52.84633843,49.86577404,47.10017456,50.04102897,55.14
55.39130991,52.62607727,54.93596345,54.61078215,54.39103319,57.8
55.68039479,54.31279826,50.30633281,52.60724001,53.22669147,59.26
54.99162955,53.4792829,53.92165121,54.30129976,54.17346585,60.92
54.10396069,53.4792829,56.58767134,57.33574483,55.37666494,36.05
60.42955238,59.64920522,57.4571522,57.96367214,58.87489549,59.96
51.86634229,52.75694561,53.63508781,53.81902318,53.01934972,51.4
51.60127844,49.44039821,50.49726793,50.15108085,50.42250636,46.04
57.52599907,56.62147293,55.8629402,57.25010947,56.81513042,57.42
57.2013511,53.51075514,50.65993453,50.01027736,52.84557953,61.59
50.48173541,52.96886745,51.64230461,51.06951126,51.54060468,47.43
55.64822467,54.94045487,55.03524657,55.02985517,55.16344532,60.92
46.17532497,47.16764135,48.21642313,48.95376223,47.62828792,38.22
58.48050751,56.57080448,55.84971406,58.39087871,57.32297619,57.42
51.9854579,51.79007683,52.44314423,52.31379138,52.13311758,52.54
51.66919666,52.08434167,52.35320304,51.69557049,51.95057797,52.54
54.64415885,56.19352497,54.73817877,57.30287562,55.71968456,58.01
49.07257184,47.10585012,51.53097483,49.40859242,49.2794973,45.94
52.34773944,52.95285659,52.2822446,52.38367561,52.49162906,52.54
53.92614083,54.85421804,56.64430027,54.13574884,54.890102,57.8
55.38402621,53.75908322,49.72433681,53.71462663,53.14551822,52.23
55.69156865,55.34499754,54.81410081,56.02981267,55.47011992,71.02
51.83737248,53.93625728,52.92594027,52.36690806,52.76661952,46.04
50.93689654,52.53379086,51.96507072,51.07339193,51.62728751,52.54
51.15606993,51.6050678,50.93605585,52.87828664,51.64387006,45.94
55.30008378,53.52930065,54.56962547,53.91393827,54.32823704,57.8
50.29857347,52.22605486,51.58787436,50.9755412,51.27201097,49.98
56.64838857,56.73368682,55.8629402,56.87760204,56.53065441,57.42
53.30035191,54.29910124,54.63344193,54.19323154,54.10653165,46.04
54.28045163,52.5862009,52.63527625,54.05612217,53.38951274,52.54
52.23909839,50.96067441,51.61385852,51.50029257,51.57848097,49.98
45.89535058,45.99686987,50.58689701,48.63232912,47.77786164,44.58
46.24926791,46.53159705,49.31178308,48.72991355,47.7056404,34.15
47.90230508,50.37796719,50.72193789,50.71022559,49.92810894,49.98
54.04057588,52.9776666,52.05264767,51.99217288,52.76576576,52.54
55.8782479,56.40232919,55.8495998,57.35586704,56.37151098,57.42
48.90942363,51.32095407,51.1676377,51.42631673,50.70608303,52.6
59.41870958,60.56612534,57.47101781,56.58651857,58.51059283,59.96
45.85537255,45.47816303,48.6004292,48.96985335,47.22595453,44.58
46.68372241,47.89570049,49.7177837,47.42803415,47.93131019,44.17
56.71231304,57.38739837,55.86674453,57.52573269,56.87304716,57.42
55.60980894,58.2181526,57.42117958,56.7494529,56.9996485,59.96
59.3072892,55.68572266,55.11990704,54.16872439,56.07041082,69.09
58.1860715,58.88674726,57.4449045,57.45511172,57.99320874,59.96
55.89030032,57.61547208,55.83462431,57.65303164,56.74835709,57.42
47.84533656,48.17665887,51.59633965,48.58499349,49.05083214,45.94
51.65902891,52.22866383,50.53734408,52.61892251,51.76098983,49.98
51.75114313,49.67295096,51.52665445,48.73051344,50.42031549,55.14
45.57879616,48.70510964,49.16433655,47.50025147,47.73712345,44.17
51.59368818,52.93798072,51.32381509,52.11593382,51.99285445,52.16
46.01998046,52.81403844,47.69959876,46.02401647,48.13940854,55.14
56.34312716,55.28619726,54.11735822,55.6152144,55.34047426,57.8
49.85533057,49.19446157,50.40819946,52.53553415,50.49838144,46.04
58.51247843,56.0911337,56.27449677,57.25044039,57.03213732,56.61
54.513136,55.93572642,56.49301079,56.17660159,55.7796187,56.82
55.00738254,59.82453166,57.43974059,56.7529699,57.25615617,59.96
59.89355585,59.94841466,57.43974059,57.31164841,58.64833988,59.96
52.51647603,53.17154453,54.50472397,53.12750174,53.33006157,61.59
47.41340237,51.87209715,51.37834724,51.1106088,50.44361389,52.16
55.3279285,56.5889212,57.10149338,56.43754502,56.36397203,59.26
50.89717278,51.18763372,51.52820111,50.43078456,51.01094804,49.98
44.53149335,48.64423239,50.16448183,49.78982831,48.28250897,45.94
52.77897672,53.27245601,51.60973997,53.09802137,52.68979852,52.6
48.38447181,52.9715039,51.45666997,51.03035686,50.96075064,60.92
48.57101249,54.35112253,54.29219527,51.27539762,52.12243198,69.09
53.15330276,53.71973784,52.12187891,54.17151437,53.29160847,57.04
51.58208198,46.30710582,52.75463005,47.96950001,49.65332946,39.96
47.86919136,47.58639048,51.6465646,49.15132855,49.06336875,45.94
46.67553518,47.95970218,50.10981182,51.98608911,49.18278457,45.94
53.32159985,52.13422428,51.43511627,53.23962885,52.1604432,52.16
58.24983624,57.43413019,55.85048461,58.52946058,57.17955591,57.42
55.08252285,52.80105235,51.65179471,55.0704513,52.09425079,57.01
52.50949893,52.92811128,51.50945247,52.91984406,52.72236425,52.16
48.29734103,49.62032748,50.76478135,47.58415631,49.91589573,49.98
46.56080298,44.7609659,48.84429516,44.16086515,46.59924099,38.22
53.78919533,53.17165928,54.29907358,52.25285312,53.99908934,51.4
43.18995438,52.80506344,46.70167275,54.78618934,46.57364148,57.01
59.43185014,56.05533353,56.56629099,57.90839151,56.9714261,61.59
48.00211004,50.29266028,50.25503664,50.0515863,49.53930868,49.98
51.04305744,50.16757365,52.36918302,48.15739759,51.35381552,47.43
51.89071917,50.8757606,52.71742013,49.92480051,51.92366566,52.54
48.48983088,52.9344929,49.7244795,53.66787078,50.45759447,54.55
52.50435678,53.07726217,52.62114352,52.39808311,52.50029568,52.54
55.78163654,56.77646278,54.62215379,58.40904725,55.71686901,56.82
48.96666454,45.96744282,50.96156209,44.05976065,49.77759152,45.94
59.01238977,58.61921133,57.44613666,59.02176877,58.09461291,59.96
54.40501839,55.82772001,56.0009661,59.90144683,55.28174208,56.82
49.92486822,49.99000558,51.46742312,47.68205176,50.48379917,49.98
51.11654197,48.89391934,50.5141491,46.39633699,50.61408498,46.04
52.48174868,50.13578218,46.91882072,52.12856302,49.25377809,55.14
57.87555827,59.77129339,57.45055341,58.9570166,58.19985898,59.96
58.2091906,58.69166722,56.56679151,58.03940645,57.27264619,61.59
57.0570052,57.38637325,55.83132236,58.07361395,56.91532681,57.42
59.26405581,58.11471901,57.46174154,59.02176877,58.46567167,59.96
50.74142551,48.36728371,50.61365554,47.18044203,49.32444876,49.14
59.56138961,60.00950876,57.43974059,58.98907019,58.70054412,59.96
59.81092242,59.82655633,57.43974059,58.98907019,58.77961959,59.96
54.85985191,53.34763526,56.3520206,51.54219814,55.6397628,56.61
43.631036,52.77756623,46.69107077,54.78618934,46.75367306,57.01
57.97311472,59.31602147,56.58909113,58.02880361,57.45990023,60.92
51.06149309,52.15444166,51.443791,50.80379068,52.04934797,52.16
52.4357159,52.59069389,51.95639606,51.48493362,51.980046,52.54
52.07697294,52.53877199,52.33947033,51.14306474,51.94159907,52.54
57.03571888,57.41509601,55.84852992,58.07361395,56.7451741,57.42
49.93734051,50.29484235,51.17883789,48.83754011,50.51065614,49.98
60.58825894,59.98633215,57.45368086,58.98907019,59.09456101,59.96
51.64780909,49.74060635,50.73584058,47.02928476,51.09198803,45.94
54.49322167,48.33147592,49.69983177,49.07232047,51.08487488,49.98
45.51173663,48.02747822,49.93158389,47.23316176,48.58339795,45.94
52.62876339,53.5151325,52.36250176,52.6363455,52.41852832,52.54
57.88834522,59.77659746,55.84971406,58.52946058,57.19177476,57.42
60.52045835,60.13735909,57.48395686,58.98907019,58.95783786,59.96
49.70540481,42.82442348,48.21837764,44.14604264,48.20329908,38.22
51.36165955,50.4648204,51.47941323,50.50122685,52.15496273,52.16
49.46220398,46.79169702,51.52251183,48.93326774,50.38040588,49.98
52.16092134,50.40313896,51.31486019,50.6417737,51.50438223,49.98
51.09922418,54.81124772,48.6019124,54.23562915,51.29618273,52.23
58.98403388,59.98057836,57.46161866,58.98907019,58.66269754,59.96
46.25227318,44.70446994,48.0835545,44.3728518,47.52594621,47.06
49.48407983,55.42039105,50.66424533,53.05141852,50.36637324,49.14
55.94189526,55.83128537,55.58902112,50.58303127,55.77449059,35.08
53.30295853,48.91119178,54.45643599,53.23855313,54.13301621,52.37
57.38736501,59.46927542,57.45517737,58.98971517,57.45354339,59.96
51.48501579,45.60073738,51.0867834,43.67156978,49.96830236,45.94
53.53139124,58.56403654,52.68307989,53.43090718,53.43090718,52.54
51.44069389,50.69721837,51.08385025,52.30171163,51.96805905,46.04
44.80278853,50.39229144,47.71204271,54.78618934,47.82205957,55.14
47.64441369,43.76989085,49.7380967,47.04999618,49.33082991,44.17
51.65820177,44.13101874,52.01108082,46.80488767,50.47552834,47.43
50.14078273,47.46866735,51.2486344,49.70468341,50.98809387,49.98
53.18313907,52.16772918,52.38204682,53.32058087,52.62090323,52.54
52.31426869,49.35072922,51.14225621,52.14391263,51.6468558,57.01
54.97233985,55.22616097,55.36199657,54.03935701,54.44900148,59.26
56.65440813,55.01759136,56.48220215,50.74761297,56.69580799,35.08
56.35025548,45.40247131,57.42351739,50.39565043,56.79503069,51.32
49.82541078,52.77363276,53.63627728,49.83370447,52.67214699,51.4
52.57715166,50.75278515,52.44515879,52.86240385,52.7080593,52.54
54.73935948,54.26034924,53.20579222,51.75246461,53.91972083,51.32
57.23610064,58.96731502,57.4573237,57.43653598,57.24618863,59.96
48.17462838,46.35904893,51.19458902,49.65709449,50.31373549,52.6
47.32360384,41.45294252,50.26991693,45.95318515,47.97330039,44.17
55.95637343,64.75278825,51.78877859,56.36592171,53.83178719,58.01
52.16283055,50.8381512,51.58043688,51.82414405,52.15693381,49.98
49.83965737,47.28942523,51.23584461,51.75816517,51.23735801,52.54
52.75730294,47.99402742,55.98524613,50.95060547,54.06904672,46.04
52.60966882,53.61243342,48.60710265,52.87474303,51.09473868,52.23
50.77363017,41.89305253,51.92267678,47.83821976,50.64546386,47.43
51.58787693,51.43968856,51.55244342,51.02401598,52.04751227,49.98
52.39954432,48.12259993,50.51414879,49.85139402,51.43456293,46.04
57.08469481,58.95863873,57.46004329,57.43653598,57.21558619,59.96
51.71564394,48.64839473,50.97588099,50.35418292,51.25336108,49.98
56.56238564,61.30150069,54.49044185,51.83809105,55.04904696,57.8
52.48511299,53.18050752,52.48923414,52.44077934,52.35192967,52.54
53.62712082,46.19472221,56.00144235,51.93077603,54.06930855,46.04
53.75745491,50.50997689,53.08740907,52.85035283,53.32359278,56.61
55.05866745,57.30769118,55.85220383,57.91962661,56.35225573,57.42
51.70336564,49.77951996,52.8580072,51.05008894,52.64362438,51.32
55.01134703,56.09938755,50.44136583,55.09147369,52.29505337,61.59
53.91396371,52.06666452,54.22812143,53.35218303,53.79194432,56.61
51.64654402,50.9817764,51.25871704,53.13580156,51.96278646,46.04
51.20994475,48.5578965,50.91570082,48.87633243,51.04893247,45.94
52.2888616,47.73828998,51.03232289,50.46066235,51.44006598,45.94
54.51195239,55.53364777,55.34583185,52.69934294,54.79797251,56.61
49.68995005,51.01351956,50.61315612,51.75816517,50.98131944,45.94
54.92190077,52.41833697,51.18028715,55.05091479,52.50155082,57.01
56.75609125,59.08898926,57.43974059,57.43653598,57.2360404,59.96
57.72337435,58.06680395,57.43974059,56.59545589,57.17359567,59.96
56.11361376,52.73208576,56.96174141,50.62835461,56.07452353,51.32
56.27132165,49.10943036,57.24344779,50.62835461,55.91485873,36.05
49.37653213,51.47240433,50.32849148,51.09008536,49.69986391,55.14
46.36752321,54.21013356,47.47771139,52.96720008,47.2444841,47.06
58.3944735,61.3039408,56.5513552,59.30786896,56.80614608,61.59
51.53603663,49.66649149,53.62603071,50.58264162,52.72530909,51.4
50.12368675,44.08769014,51.78525447,46.80572846,50.50782355,47.43
53.619095,56.08950282,52.05774976,53.43931882,53.39738296,52.6
52.75890585,49.86101957,52.0006734,52.57077648,52.67561875,47.43
54.2217912,49.74167619,52.59736735,53.95131093,53.12406343,52.54
52.92122143,60.2105195,48.92055221,54.32177287,52.3806061,52.23
59.75356333,59.98057836,57.34766087,58.98907019,58.92235941,59.96
54.71972974,49.52421843,56.16662211,49.58041651,55.2569546,56.61
45.68134944,52.68543337,47.69055376,54.78618934,48.49252377,55.14
51.07776133,40.2143087,51.08199975,43.67156978,49.41744771,45.94
51.12483197,64.87962795,53.90944215,59.34705682,53.73071466,52.37
49.40175395,47.63942525,48.51355878,47.71574673,48.11077837,44.58
54.36898494,52.81995519,51.47558244,53.07334845,51.76952798,57.01
50.63936675,52.98975263,51.06662241,50.25059978,51.96747066,45.94
51.98171206,48.64910803,52.0548936,49.88079573,50.89259904,47.43
47.54283859,43.26201377,48.94628555,44.16086515,47.35082965,44.58
46.88689539,46.02508294,50.72996544,48.64123593,49.11692352,52.6
58.49232516,55.28107008,55.58210604,50.7101294,56.19929495,35.08
50.89496006,50.98150527,52.41598829,51.47780632,51.97356142,52.54
53.33980646,58.66591127,52.59949751,53.83711854,53.30682108,52.54
53.17399661,50.23378782,54.47474154,50.51749115,53.72214338,52.37
55.96169374,58.67940614,54.73328487,57.97376536,56.47178995,56.61
53.59371013,52.03243362,50.97081808,51.58105566,51.75691806,45.94
49.53966332,44.00662608,48.86252005,44.16086515,47.01398763,44.58
49.88294217,45.16258652,50.93086899,48.32674634,50.03493024,49.98
58.97912985,60.05127776,57.41911012,58.9209236,57.99105195,59.96
53.47222871,52.32291848,51.99535013,54.09891539,52.3184129,59.26
53.98041589,52.89340818,50.87878934,53.1717784,52.72013914,46.04
53.98080673,57.51398647,53.09999723,53.22411586,53.5991925,57.04
51.71896024,51.01501293,51.44567889,51.08664204,52.2062568,52.16
51.43769236,51.66275282,47.05818083,53.83202692,50.90000915,52.23
51.06072228,48.15305901,51.58551064,48.87633243,51.30372306,49.98
52.01693973,49.32118472,51.94871562,51.35265075,52.21900175,52.54
53.54906743,60.70050046,54.7389534,59.37743328,54.87164133,58.01
51.44637381,50.26408387,51.43714305,50.70937478,52.12735552,52.16
52.87442953,53.65855939,51.66874294,53.16198317,51.82159012,57.01
52.45603786,50.05970746,52.03999602,52.71943467,52.61399991,47.43
52.44747384,52.06040746,51.11509959,51.01406341,51.90429587,45.94
54.67145802,56.18729911,56.32257996,57.37658112,55.95606646,56.61
58.55272132,60.44139257,57.46824884,58.9209236,57.91796108,59.96
55.81996741,54.13638393,50.96311977,52.66283822,52.0968926,45.94
52.38440533,51.31658875,55.40331868,52.74661086,54.28277264,56.61
52.51924657,53.91629573,52.73864442,53.69799671,53.70376166,56.61
46.57551929,40.73697552,50.20326275,44.16086515,45.91236401,41.36
49.95817739,49.77829341,51.53054209,49.84083201,50.96161861,49.98
52.10035671,60.94048357,55.9729725,59.34705682,54.61937847,57.04
48.98254472,48.18431779,52.36544534,48.28085932,50.8702512,47.43
57.06453088,59.72705039,55.84144748,58.04344418,56.77477178,57.42
50.59702872,56.55850874,52.38523557,53.41633214,53.2725432,56.61
49.4716976,51.24126574,51.75559038,51.18509847,51.38742478,52.54
50.587938,51.59952094,52.34844223,51.34163648,51.99197494,52.54
55.51497799,55.80235699,57.43642567,57.13166334,56.80209547,59.96
59.01152433,64.55397204,56.56162354,59.15186267,56.53182875,61.59
52.59065953,49.92161976,52.32562521,52.19259253,52.11956848,52.54
60.70728636,59.98057836,57.45483158,58.98907019,59.05352089,59.96
54.61907283,51.30580822,54.74225056,51.7565399,54.26797693,51.4
56.1985094,57.42429876,51.15839959,55.50055532,52.41759745,57.01
56.66200593,54.63330627,55.84063227,50.58303127,55.67087492,57.42
45.08525068,57.09734213,46.68942496,54.78618934,47.91053053,57.01
55.84430311,58.68817241,55.68744961,58.46847863,56.72152537,59.5
58.90920471,59.98057836,57.44067558,58.98907019,58.35678797,59.96
55.53741955,56.86272613,55.83462431,57.91962661,56.46010508,57.42
59.63777066,59.49437397,57.4449045,58.98907019,58.52987261,59.96
48.98203235,48.22434027,53.95112621,50.45154407,52.1875418,51.4
53.39137279,51.06777854,55.4722846,47.16309133,53.55479382,46.04
54.33814509,51.04804748,51.16119033,54.44753225,52.10726054,57.01
51.37240824,51.33721891,51.53964906,52.33686043,52.17857288,49.98
51.93492265,47.53298903,52.04655094,49.88079573,51.08910996,47.43
52.91849493,50.60990541,52.42159925,53.04876665,52.97255681,47.43
57.73810834,57.22312312,57.43064804,56.29514245,56.90827588,59.96
52.35349222,41.46133786,52.74295119,43.67156978,49.74273998,39.96
56.99748462,63.0403525,55.93503105,60.33243427,56.02769884,59.26
56.15100794,64.12131122,54.44078402,60.42348734,56.12510951,59.26
50.55001992,43.91415665,51.97897408,46.17151002,50.62714529,47.43
60.12172529,59.48533737,57.46521541,58.98907019,58.56734911,59.96
50.80667419,50.85689489,53.84344362,49.74509036,53.39702293,46.04
46.37377864,49.55389716,50.11854965,52.60644459,50.20873974,52.6
53.25181346,50.40716803,48.93938028,51.17631906,51.85625301,52.23
57.5768334,65.2034347,56.68936014,59.55773035,57.16168002,61.59
59.08563729,59.72249175,57.43974059,59.3245649,58.81174207,59.96
61.23566242,59.80087013,57.43974059,59.3245649,59.28122786,59.96
54.71594657,50.16826045,52.01160328,52.29762028,52.90903568,59.26
53.26312324,55.4858899,52.56191233,54.51903571,53.3894941,52.54
45.16211749,46.97141293,46.98967592,44.25803928,46.69338203,47.06
56.97494241,58.96635799,55.86086015,59.61851864,56.66643388,57.42
60.27711181,60.09560089,57.47184224,59.3245649,59.30018981,59.96
46.86318331,41.11572625,50.25495529,42.20220922,47.44118576,44.17
54.571423,61.04535455,56.07322805,59.66126135,55.08935131,56.82
55.51980795,59.79587794,56.07322805,60.12467865,55.51861107,57.04
49.01185648,56.25947917,51.10697267,52.59194151,51.04561347,52.6
52.38096703,48.03808944,51.52522299,49.83707677,51.86846072,52.6
58.76631935,61.51506057,55.14614564,60.33724494,55.88823378,69.09
48.93520339,46.16113957,46.96594508,43.8986697,45.96049849,47.06
56.11019823,53.19767617,54.60593442,60.00819913,55.39551905,56.82
50.03403956,47.8156465,51.6082481,49.65001617,51.3821715,49.98
51.05767708,52.02296346,52.60901799,51.31392941,52.32798884,52.54
54.35018895,53.95150169,51.92095134,53.53301795,52.98226209,47.43
45.91975517,43.41327761,49.74240104,41.82576006,47.59163588,34.15
53.45372546,54.91439252,52.90532632,53.83344601,53.21781206,51.32
52.03945473,52.86531093,51.49141247,53.2779321,52.06335392,49.98
53.04082794,54.10890743,51.65622626,53.50929858,51.39325349,57.01
52.17824846,50.38669674,51.65736045,51.43643408,52.68408855,60.92
51.35120826,51.73255137,52.61469275,51.05261312,52.28277306,52.54
52.80883126,55.21804588,52.38006733,53.81906443,53.54918903,56.61
60.11507959,60.0582532,57.44655227,59.3245649,59.92878578,59.96
57.84856056,59.32057764,55.81213784,58.94210462,56.59295592,57.42
54.94698063,64.90234883,55.29127893,60.14947869,55.0692057,71.02
54.97901336,63.34839593,55.05896981,60.95177926,55.00428831,60.92
54.39345602,56.38748618,52.71322136,53.97130586,53.21705657,52.54
50.31013052,48.26645384,51.73020608,49.73984119,51.39038547,52.54
51.06585309,50.09021987,52.18318178,49.60305267,51.71545243,52.54
57.74588941,62.82848618,56.58945769,59.22175746,56.06874518,61.59
54.78617562,59.32717526,55.3667913,58.19206416,55.93039101,56.82
57.04160004,59.00334248,54.270946,59.57966348,55.92578415,58.01
49.76850457,42.75301752,49.60471392,46.16761197,49.30986701,45.94
58.79988614,61.72538151,57.46824884,59.32729627,58.43305503,59.96
47.13343697,38.58938914,50.07448623,41.85978857,48.20120206,45.94
49.94323138,49.07580278,51.6469747,50.26916329,51.21642775,52.6
58.61245412,59.49514833,57.45472159,59.38308877,58.11063585,59.96
49.8279858,51.17415982,51.53848369,51.93387984,50.27071905,49.98
60.39990621,60.0582532,57.46004329,59.3245649,59.75325008,59.96
51.62372971,49.11287786,54.68076066,53.00363867,54.11200178,46.04
41.42194036,48.34442621,46.58223593,43.97955566,45.61307642,34.15
49.32044411,48.16370875,51.16247312,48.48125759,50.58076176,52.6
59.21912157,59.88445414,57.45472159,59.40265441,57.97094073,59.96
55.97351968,48.012891,57.18823763,52.13575073,55.74675443,57.04
58.28270295,48.95048747,57.94788648,51.01575807,56.91865496,51.4
50.68619459,55.59004207,46.88380797,54.62417337,49.520151,55.14
55.57314054,46.48224947,57.21075791,51.62963896,55.46591957,57.8
46.59339052,36.75379238,49.73163573,41.82576006,47.64696935,34.15
58.2631166,59.46775943,56.39995723,59.97992799,57.60337892,56.61
57.02629018,44.86996043,57.61332889,51.62087302,56.72758937,36.05
50.35008514,45.96387518,52.95970103,48.81444949,51.75307558,47.43
53.27977487,57.86509127,54.71197801,57.61079952,55.05194748,58.01
52.62051708,53.53708657,51.59245004,52.31667504,52.18187454,49.98
54.82183841,59.41652114,57.46521541,58.49640728,57.04364602,59.96
53.84857305,57.36194949,51.99346368,54.57746758,53.34987782,47.43
53.08307209,50.96659756,51.91686893,52.674141,52.06580758,52.6
50.80890405,47.81095318,47.05728733,48.77254486,50.58564355,52.23
52.20236608,50.98257945,51.85861651,52.28450901,52.50477204,52.6
48.69656241,43.52572575,48.97386615,42.20220922,47.40726874,44.58
57.60521815,56.59556377,55.87456076,59.9381667,56.94930722,57.42
54.8057896,54.87769636,49.72541259,52.45464431,53.04409656,52.23
55.53158602,59.26386319,57.47101781,59.04022785,57.66292632,59.96
44.50497728,46.6991319,49.16514908,41.94452557,46.66107977,44.58
49.91931375,58.57630649,57.46004329,57.78143935,55.51915091,59.96
50.28699275,51.43250662,51.29914511,51.11704851,51.11130753,49.98
54.66237306,54.04044104,54.57683538,52.8290327,53.53625399,61.59
52.40155107,52.12646505,51.30661993,52.27182862,51.82188029,49.98
54.92082532,59.86782513,57.43974059,58.96730076,57.27300402,59.96
58.34340946,59.76583267,57.43974059,59.68912252,57.80509506,59.96
51.92610869,50.38009345,51.58496106,50.31931929,51.67654813,49.98
45.6054284,47.62410098,47.63458202,46.71440469,47.83853472,49.14
58.37871727,49.26803544,55.78130322,49.92496342,55.7320167,59.26
52.66205876,52.42737272,52.46901886,52.6286606,52.38585438,52.54
56.80890183,55.79520119,55.84971406,58.23925066,56.46593182,57.42
52.22301404,51.85601644,52.59419929,51.67511194,52.47382947,52.54
50.64971839,43.10235804,50.98653301,45.81789741,50.38359223,45.94
59.07638953,62.06085117,55.07848267,60.48085107,56.30345141,69.09
46.39554604,42.09840581,50.19806234,42.20220922,46.55489761,41.36
53.30111898,62.51905127,52.61361139,54.1816786,53.85648362,52.54
53.50601344,51.83422478,52.51454747,52.46740685,52.17452487,52.54
49.54463689,50.478221,55.38011873,48.77769042,53.01674396,46.04
49.30443329,45.50124484,51.9514756,47.49237924,50.57805535,47.43
52.84562856,53.02310564,51.92133847,53.1707516,52.33245924,52.54
55.24670524,57.77744578,52.94337095,54.86694811,54.24417588,57.04
52.50767115,51.84323382,54.41788836,54.39693997,53.78755498,69.09
53.23876088,52.5522165,53.89996796,52.77531218,53.69200127,52.37
51.42585794,50.13507363,51.66183948,50.29287438,51.64799323,52.6
52.70144025,60.47182668,55.29127893,57.58506956,54.66290791,71.02
56.71834597,56.50886002,55.81213784,58.5112018,56.64132822,57.42
57.3896817,59.67182277,57.45483158,59.39825873,57.52482258,59.96
53.01991098,49.70352007,51.76106746,50.68390455,51.87031491,52.54
53.2798971,59.03706442,49.71687001,50.95714563,52.81307035,52.23
58.66855489,61.58381341,56.68943434,58.55623406,56.32132545,61.59
52.53120581,53.90347976,51.97382382,53.06705354,52.71742092,52.54
42.69969459,45.46792149,49.18023646,42.20220922,45.61290207,44.58
52.47405306,49.53313649,50.82538799,49.73097498,51.88008892,52.16
49.78307926,44.47432796,49.63394018,45.74014989,49.21843623,45.94
56.05989119,57.59686474,55.75701278,60.31927034,55.79622825,57.04
52.37901422,51.81566687,53.7803013,52.72473332,53.76974233,52.37
48.87946814,49.60090722,53.61357128,49.41828663,51.78000053,46.04
49.2881666,45.70869361,49.79608468,45.85645999,49.59178334,45.94
50.81648397,44.02639249,51.12585666,45.50345219,50.16662396,45.94
50.8442006,46.52003782,51.33532873,48.86514748,50.75960384,49.98
49.44322163,47.55312111,51.67437827,50.98789179,51.92999483,60.92
50.2196463,42.96672781,50.16899672,45.13705711,49.29339229,44.17
50.44609409,50.93529861,51.1701887,51.53631479,50.18163894,49.98
56.61017597,56.26210489,55.85492727,59.58967741,56.77288255,57.42
59.80656995,60.22489029,57.4922305,59.3245649,58.80191878,59.96
43.47688599,44.7537974,46.55393265,43.8986697,45.65562418,34.15
55.842083,58.40008562,55.86314148,58.84370047,56.7459769,57.42
47.55935953,35.86730038,50.07965153,41.82576006,47.93390975,45.94
51.88039818,52.98517868,48.57967532,50.35847493,51.49431105,52.23
55.38440059,61.08795352,55.00675759,60.95177926,54.96014066,60.92
50.3659771,44.36071766,51.50472334,47.98768962,50.89298653,49.98
53.35149331,51.13223114,52.78964716,52.61010536,52.95737395,52.54
50.12614713,53.02255794,52.62591704,51.35231803,52.01124668,46.04
46.85738779,50.16700788,53.54194567,50.6514755,51.51343777,46.04
55.68595824,58.25501651,51.04064009,53.95716226,53.25631868,61.59
52.84306727,56.26616354,49.71687001,51.14804058,52.56336138,52.23
53.20884364,57.74004205,52.37982672,54.54863386,53.2718219,52.54
51.45387335,42.33782553,54.61218434,48.55120607,53.52576714,46.04
53.85682524,54.2189225,51.18008274,53.63442611,51.55370606,57.01
53.7300731,46.96650667,54.63426671,51.09862766,54.17685926,46.04
57.20034986,57.12597025,55.84144748,59.575491,56.83888756,57.42
52.6091022,54.79100608,55.37648071,54.51601178,54.16796201,56.61
52.61995464,50.03506487,50.53161555,52.37452093,51.45067345,46.04
53.41639903,51.85034002,52.57399301,52.86251297,52.218985,52.54
54.47677648,55.71390618,55.30119977,55.4095812,55.14241089,71.02
52.52098302,51.50654643,52.41932748,52.16183214,52.07451031,52.54
54.59908253,51.99299335,49.74797065,50.93533791,53.29448717,52.23
50.59257829,42.53809318,50.51606082,43.1881711,49.38317383,45.94
48.62224602,51.89593795,51.28279254,51.75988852,49.8923775,55.14
44.48913246,44.03924961,50.39641775,42.20220922,47.196012,44.17
52.48213741,47.22349315,54.63426671,51.84282994,53.76393947,46.04
53.2212095,55.45630498,51.18008274,52.9760006,51.61775348,57.01
46.58036991,40.15920992,50.05710343,44.7640028,48.36982968,45.94
49.00509527,44.8634572,51.09209359,44.92278782,49.60184909,45.94
47.2080112,44.04725456,46.58919612,43.8986697,46.64716911,47.06
43.53560723,47.68673333,48.99704845,42.20220922,46.90944897,44.58
54.14216894,55.08210255,51.1468577,53.00798505,51.93386559,57.01
55.3334623,59.25871638,55.96247946,53.76334629,54.93231019,57.04
55.50405906,52.11542347,50.07280864,50.97542925,51.50378479,49.98
52.08788887,44.60354367,51.06353784,47.23268175,50.44196233,45.94
57.10720791,58.23150064,55.83605679,59.58967741,56.82362761,57.42
55.47352046,55.84212633,57.09382261,57.78284369,55.79376735,59.26
50.78507816,49.12420315,51.01460464,51.32912728,51.20348688,49.98
54.49708334,55.59406704,51.65622626,52.97520228,52.009752,57.01
51.09970233,52.93048827,51.26157752,51.06681253,51.71412503,49.98
51.22351639,48.16814323,53.60861089,48.25976221,52.00186825,46.04
58.37358951,58.600409,56.56629099,58.05718723,56.208428,61.59
49.08621368,50.82298862,50.25503664,49.78687465,49.98977785,49.98
52.04879046,55.37660409,54.24219546,53.4267043,53.71254087,69.09
53.07482248,52.11141001,50.94568058,52.247298,52.11433749,45.94
53.25685845,56.72150684,52.88411869,53.77889188,53.21328966,51.32
43.37852185,47.21640295,49.18272268,42.20220922,46.47576448,44.58
55.23108281,59.83710068,55.61360979,58.85510591,56.10453354,60.93
57.23472116,60.3311148,56.42048849,59.2388774,56.83932876,52.37
58.09451661,59.99403148,57.46004329,59.61741002,57.88279844,59.96
53.32720635,45.33711853,50.72057143,48.70325953,51.4267993,49.98
52.05259141,51.3902094,52.57605321,51.60272857,52.36147906,52.54
47.74818335,43.49650172,49.66556993,50.40640353,48.94001901,45.94
56.97230402,58.30149964,55.88712456,59.1016562,56.58432381,57.42
42.59326534,44.76462396,46.55909899,43.79853597,45.99181816,34.15
55.10532197,56.33819371,53.20579222,55.92468148,54.25986376,51.32
58.10578716,59.57109084,57.4573237,59.23132606,58.15074175,59.96
55.54328647,54.17829758,56.06048848,57.06354762,54.92021809,56.82
52.78123501,56.6942344,54.55084633,55.10649413,53.29886753,60.65
55.71888975,56.27221784,51.65848655,53.62918542,53.58438984,58.01
54.67668527,52.61873797,56.56731175,54.93423694,56.23500336,56.61
52.68177608,45.03444438,52.75791752,44.73590263,49.98823391,39.96
51.58621959,48.30709434,51.65624742,49.60473328,51.52982121,52.6
56.4731139,56.80845599,55.84971406,58.31677752,56.25278443,57.42
52.85973497,50.53430452,52.77841074,53.16773189,52.79586367,52.54
56.09354193,56.64035272,56.04119907,57.91066009,56.36372491,57.42
50.26813531,39.51828055,50.30758668,42.20220922,47.54936758,41.36
49.48490415,51.47681839,50.74256772,50.57353249,50.17423051,49.98
42.06874004,49.51535699,46.56628763,48.36182804,45.39636552,49.14
61.02728743,59.97807326,56.39995723,59.41467558,57.88150949,56.61
45.74602364,45.83250645,49.73163573,41.94452557,47.44224613,34.15
51.90084087,45.11925145,52.35363917,46.91556307,51.07018388,47.43
52.29480502,50.62962354,52.35363917,52.0618263,52.62514478,47.43
49.98052253,44.81511007,51.16734429,48.70182372,50.56246981,49.98
52.19479069,50.73609608,51.63631324,51.37637351,51.51899518,49.98
58.76645055,53.6935825,57.31113066,54.88954538,56.67062874,59.96
55.31230883,54.76954173,51.64259377,52.07390596,52.10122321,57.01
50.5278981,47.74111799,51.16620548,49.12457364,50.92812884,52.16
47.71929712,41.3493146,50.19883658,42.20220922,46.74105976,41.36
49.82316053,45.57554496,51.47973649,47.62946748,49.66098228,49.14
53.08606041,56.83487774,49.97421747,52.59634781,52.55050919,52.23
55.56520899,56.10857874,55.84564102,58.69335921,56.12014379,57.42
50.11686403,51.68289276,49.71381732,52.065994,50.23754218,54.55
50.07886142,50.40290076,51.5641043,50.57428178,51.11854753,49.98
55.40985988,53.2970472,55.3254653,54.57462995,55.36272301,51.32
57.72065141,48.0574999,55.57684048,51.03686872,56.45101528,35.08
53.8781462,53.67486447,50.31760332,50.74626928,53.05791222,59.26
55.85443639,59.58478624,55.96758025,59.25603478,56.20485887,56.82
51.66948217,45.50380729,51.97169048,47.98579363,51.26134872,47.43
59.74575348,59.94582626,57.43606703,59.31473549,58.61845859,59.96
55.33934579,55.25305881,51.14089914,54.71311716,51.7677343,57.01
56.55850574,58.41443607,57.46824884,59.39825873,57.22753598,59.96
52.57292506,50.78262251,50.96311977,50.87122419,51.19845071,45.94
57.39634697,59.06267744,57.10388914,57.81994744,56.97931047,59.26
53.05595275,53.34246687,51.36251199,53.1858611,52.25415281,52.16
55.82606267,64.49038188,55.27808904,60.45699015,55.95450134,59.5
57.50541135,63.59098892,56.60188081,58.85911153,56.02951586,61.59
51.4808573,49.34859677,51.66791618,49.08833361,52.03125164,52.6
54.24905473,62.38486681,56.01472322,59.38825064,55.41631703,57.04
53.46635725,51.74914194,55.31714131,49.92407215,54.9721832,51.32
52.83305245,51.43644172,52.60631055,52.72513973,52.87975855,52.54
53.44930406,51.54728455,49.5415307,51.80554749,52.49648918,52.23
51.02324742,50.17437773,47.77359914,50.56059202,50.80054269,52.23
46.14008421,42.48574484,49.73002326,46.16761197,48.23660493,44.17
52.38432466,57.17217883,54.76168485,54.493202,54.33041846,51.4
52.25692717,48.08966723,52.35337179,49.65939626,51.99155049,52.54
49.8511709,49.3168173,51.5643428,51.74241895,50.03035705,49.98
53.89526767,51.37617971,54.2224235,52.62748918,54.11419751,69.09
55.6127768,55.63581703,51.08655271,54.85555215,51.79696545,57.01
45.95979624,48.39338817,46.99132669,46.78595571,46.7602426,47.06
53.72569791,51.65517275,55.39754563,53.8555548,54.23935671,56.61
59.84663096,59.8061022,57.43974059,59.28733909,58.17695568,59.96
58.38490054,59.59805529,57.43974059,59.24467163,58.36531386,59.96
41.80467353,45.46792149,49.18023646,42.20220922,45.52834602,44.58
52.22424789,53.04034385,52.38861136,52.27550863,52.11532336,52.54
55.03696415,38.75097998,57.49563713,51.2447833,55.71402051,36.05
51.10659483,51.5488995,52.02781497,51.03663294,52.09417427,52.6
59.32190828,59.98583759,57.46805499,59.28733909,58.10464488,59.96
52.65745266,53.50164012,55.97015322,54.84144688,53.64211286,46.04
51.2975737,46.53568471,51.19125072,48.63958608,50.9341543,49.98
48.46691967,46.95541581,47.00480683,43.97955566,47.18388656,47.06
42.17751852,45.46792149,49.16953937,42.20220922,45.66435085,44.58
57.37173963,60.15915658,54.57205988,58.20002665,55.40669751,57.8
45.83201058,46.32231704,49.73018229,46.16761197,48.11297989,44.17
55.46049307,60.14214702,53.23790669,56.63282802,54.2332342,51.32
54.80107144,54.79477555,55.86566097,54.04031028,55.33253422,60.92
54.38625582,56.78567377,51.38613704,53.32946166,52.93575271,58.01
56.00385496,48.27306047,55.64557203,51.61973784,55.91111276,35.08
53.49796153,48.68880586,51.86982953,52.80440588,52.97910646,52.6
52.51516087,53.7116971,52.71974969,52.2237239,52.71570567,52.54
52.53998635,51.07716406,51.79806549,52.27828109,52.55798769,52.6
49.69352045,49.1081536,53.54542103,49.07106707,51.9564213,46.04
53.38136263,61.01734648,55.19911516,58.03921466,55.47552847,58.01
40.28716101,49.10560408,46.54598792,46.78595571,45.44450728,49.14
59.83898033,60.21733132,57.46174154,59.28733909,58.33500368,59.96
52.4502333,45.19251217,51.75807015,48.48789512,51.83845826,52.54
46.11145453,45.71469145,47.01774337,44.07701959,47.3028106,47.06
57.34431617,57.33579881,55.83266132,59.54664978,57.02285425,57.42
53.89291839,58.52232832,55.67326297,58.28144925,56.0502154,60.93
44.98337966,56.36533237,46.70183816,54.93544707,47.25486559,57.01
55.66591354,58.4380059,55.31116948,51.09846172,55.68479075,51.32
52.45984809,55.0406528,54.56290728,53.29078338,53.05086333,61.59
58.7188608,61.2849421,57.43642567,59.33976386,57.9467257,59.96
58.74715918,61.29945759,57.44413303,59.32729627,58.66941208,59.96
57.78566508,56.99877038,54.54078033,52.92099956,54.77418184,57.8
47.9859478,41.52542799,52.12052479,43.24112652,47.48882043,41.36
55.98520831,58.6815939,55.41280376,57.86188861,56.33104502,57.42
51.23864475,47.28752372,50.6727895,45.33152496,49.08099506,45.94
52.39481745,52.54923921,52.13775205,51.89334396,52.01003585,47.43
55.15659943,62.81198627,56.36631452,58.55054503,55.63376012,56.61
50.96961786,50.1868782,51.57329894,50.77942158,51.38876841,49.98
49.78869735,46.99425821,51.60927063,49.03238887,50.50048426,49.98
60.22137314,60.21125887,56.36777318,59.44567288,59.06346572,56.61
60.2577817,60.06808205,57.45483158,59.3245649,58.88642781,59.96
53.47249079,51.55725225,52.46381433,52.99289446,52.75863205,52.54
55.60990667,57.95509946,53.21095796,55.92468148,54.2246142,51.32
57.54304334,59.88344671,55.85220383,59.60785739,56.90706112,57.42
56.53839696,55.85076308,55.8629402,58.5112018,56.43891864,57.42
48.19863047,54.79805687,53.47481275,51.62478145,52.04976129,46.04
52.25509146,53.04601657,53.85839861,53.90985631,53.92370158,52.37
46.49923148,40.08497176,50.19840793,42.89167808,47.96642152,41.36